ACC_1_Bla	ACC_1_Bla.82__ACC_1_Bla__ACC_1__621	ACC_1_Bla.82__ACC_1_Bla__ACC_2__622	ACC_1_Bla.82__ACC_1_Bla__ACC_4__624	ACC_1_Bla.82__ACC_1_Bla__ACC_5__97
ACI_1_Bla	ACI_1_Bla.209__ACI_1_Bla__ACI_1__1041
ACT_MIR_Bla	ACT_MIR_Bla.96__ACT_MIR_Bla__ACT_10__473	ACT_MIR_Bla.96__ACT_MIR_Bla__ACT_1__464	ACT_MIR_Bla.96__ACT_MIR_Bla__ACT_2__465	ACT_MIR_Bla.96__ACT_MIR_Bla__ACT_38__1146	ACT_MIR_Bla.96__ACT_MIR_Bla__ACT_3__466	ACT_MIR_Bla.96__ACT_MIR_Bla__ACT_4__467	ACT_MIR_Bla.96__ACT_MIR_Bla__ACT_6__469	ACT_MIR_Bla.96__ACT_MIR_Bla__ACT_8__471	ACT_MIR_Bla.96__ACT_MIR_Bla__AZECL_25__1152	ACT_MIR_Bla.96__ACT_MIR_Bla__MIR_1__478	ACT_MIR_Bla.96__ACT_MIR_Bla__MIR_2__479	ACT_MIR_Bla.96__ACT_MIR_Bla__MIR_3__480	ACT_MIR_Bla.96__ACT_MIR_Bla__MIR_6__482	ACT_MIR_Bla.96__ACT_MIR_Bla__MIR_8__483
ACT_MIR_Bla_1	ACT_MIR_Bla.96__ACT_MIR_Bla__ACT_12__474
ACT_MIR_Bla_2	ACT_MIR_Bla.96__ACT_MIR_Bla__ACT_14__475	ACT_MIR_Bla.96__ACT_MIR_Bla__ACT_15__476	ACT_MIR_Bla.96__ACT_MIR_Bla__ACT_5__468	ACT_MIR_Bla.96__ACT_MIR_Bla__ACT_7__470
ACT_MIR_Bla_3	ACT_MIR_Bla.96__ACT_MIR_Bla__CMH_1__1148
ACT_MIR_Bla_4	ACT_MIR_Bla.96__ACT_MIR_Bla__ACT_9__472
ADC_Bla	ADC_Bla.477__ADC_Bla__ADC_11__1780	ADC_Bla.477__ADC_Bla__ADC_25__1764	ADC_Bla.477__ADC_Bla__ADC_30__1765	ADC_Bla.477__ADC_Bla__ADC_56__1766	ADC_Bla.477__ADC_Bla__ADC_58__1767	ADC_Bla.477__ADC_Bla__ADC_59__1768	ADC_Bla.477__ADC_Bla__ADC_60__1769	ADC_Bla.477__ADC_Bla__ADC_61__1770	ADC_Bla.477__ADC_Bla__ADC_62__1771	ADC_Bla.477__ADC_Bla__ADC_67__1773	ADC_Bla.477__ADC_Bla__ADC_68__1772	ADC_Bla.477__ADC_Bla__ADC_73__1774	ADC_Bla.477__ADC_Bla__ADC_74__1775	ADC_Bla.477__ADC_Bla__ADC_75__1776	ADC_Bla.477__ADC_Bla__ADC_76__1777	ADC_Bla.477__ADC_Bla__ADC_77__1778	ADC_Bla.477__ADC_Bla__ADC_78__1779
AER_1_Bla	AER_1_Bla.150__AER_1_Bla__AER_1__1631
AIM_1_Bla	AIM_1_Bla.151__AIM_1_Bla__AIM_1__1630
AMPH_Ecoli_Bla	AMPH_Ecoli_Bla.89__AMPH_Ecoli_Bla__AMPH__615
APH_Stph_AGly	APH_Stph_AGly.268__APH_Stph_AGly__APH_Stph__1534
AST_1_Bla	AST_1_Bla.141__AST_1_Bla__AST_1__549
Aac2_Ia_AGly	Aac2_Ia_AGly.408__Aac2_Ia_AGly__Aac2_Ia__595
Aac2_Ib_AGly	Aac2_Ib_AGly.384__Aac2_Ib_AGly__Aac2_Ib__1194
Aac2_Ic_AGly	Aac2_Ic_AGly.404__Aac2_Ic_AGly__Aac2_Ic__589
Aac2_Id_AGly	Aac2_Id_AGly.369__Aac2_Id_AGly__Aac2_Id__1176
Aac2_Ie_AGly	Aac2_Ie_AGly.401__Aac2_Ie_AGly__Aac2_Ie__592
Aac3_III_AGly	Aac3_III_AGly.222__Aac3_III_AGly__Aac3_IIIc__1621
Aac3_III_AGly_1	Aac3_III_AGly.222__Aac3_III_AGly__Aac3_IIIb__1620
Aac3_IIa_AGly	Aac3_IIa_AGly.203__Aac3_IIa_AGly__Aac3_IIa__882	Aac3_IIa_AGly.203__Aac3_IIa_AGly__Aac3_IIc__883	Aac3_IIa_AGly.203__Aac3_IIa_AGly__Aac3_IId__884	Aac3_IIa_AGly.203__Aac3_IIa_AGly__Aac3_IIe__885
Aac3_IXa_AGly	Aac3_IXa_AGly.214__Aac3_IXa_AGly__Aac3_IXa__1478
Aac3_I_AGly	Aac3_I_AGly.410__Aac3_I_AGly__Aac3_I__1083	Aac3_I_AGly.410__Aac3_I_AGly__Aac3_I__1084
Aac3_Ib_AGly	Aac3_Ib_AGly.125__Aac3_Ib_AGly__Aac3_Ib_Aac6_Ib__1066
Aac3_Ib_AGly_1	Aac3_Ib_AGly.125__Aac3_Ib_AGly__Aac3_Ib__1065
Aac3_Ib_AGly_2	Aac3_Ib_AGly.125__Aac3_Ib_AGly__Aac3_If__1067
Aac3_Ic_AGly	Aac3_Ic_AGly.437__Aac3_Ic_AGly__Aac3_Ic__310
Aac3_Id_AGly	Aac3_Id_AGly.427__Aac3_Id_AGly__Aac3_Id__1577
Aac3_Ig_AGly	Aac3_Ig_AGly.428__Aac3_Ig_AGly__Aac3_Ig__1570
Aac3_Ih_AGly	Aac3_Ih_AGly.440__Aac3_Ih_AGly__Aac3_Ih__279
Aac3_Ii_AGly	Aac3_Ii_AGly.441__Aac3_Ii_AGly__Aac3_Ii__278
Aac3_Ik_AGly	Aac3_Ik_AGly.448__Aac3_Ik_AGly__Aac3_Ik__273
Aac3_Iva_AGly	Aac3_Iva_AGly.289__Aac3_Iva_AGly__Aac3_Iva__1489
Aac3_VII_AGly	Aac3_VII_AGly.199__Aac3_VII_AGly__Aac3_VII__74
Aac3_VIa_AGly	Aac3_VIa_AGly.162__Aac3_VIa_AGly__Aac3_VIa__1452
Aac3_Vb_AGly	Aac3_Vb_AGly.258__Aac3_Vb_AGly__Aac3_Vb__1205
Aac3_Xa_AGly	Aac3_Xa_AGly.208__Aac3_Xa_AGly__Aac3_Xa__1043
Aac6_32_AGly	Aac6_32_AGly.397__Aac6_32_AGly__Aac6_32__616
Aac6_32_AGly_1	Aac6_32_AGly.397__Aac6_32_AGly__Aac6_IIa__617
Aac6_33_AGly	Aac6_33_AGly.398__Aac6_33_AGly__Aac6_33__1667	Aac6_33_AGly.398__Aac6_33_AGly__Aac6_I30__1668
Aac6_AGly	Aac6_AGly.460__Aac6_AGly__Aac6__1238
Aac6_Aph2_AGly	Aac6_Aph2_AGly.41__Aac6_Aph2_AGly__Aac6_Aph2__1686
Aac6_IIb_AGly	Aac6_IIb_AGly.405__Aac6_IIb_AGly__Aac6_IIb__588
Aac6_IIc_AGly	Aac6_IIc_AGly.385__Aac6_IIc_AGly__Aac6_IIc__1195
Aac6_Ia_AGly	Aac6_Ia_AGly.394__Aac6_Ia_AGly__Aac6_Ia__620
Aac6_Iaa_AGly	Aac6_Iaa_AGly.454__Aac6_Iaa_AGly__Aac6_Iaa__760	Aac6_Iaa_AGly.454__Aac6_Iaa_AGly__Aac6_Iy__761
Aac6_Iad_AGly	Aac6_Iad_AGly.456__Aac6_Iad_AGly__Aac6_Iad__764
Aac6_Iaf_AGly	Aac6_Iaf_AGly.399__Aac6_Iaf_AGly__Aac6_IL__1665	Aac6_Iaf_AGly.399__Aac6_Iaf_AGly__Aac6_Iaf__1664	Aac6_Iaf_AGly.399__Aac6_Iaf_AGly__Aac6_Iq__1666
Aac6_Iai_e_AGly	Aac6_Iai_e_AGly.390__Aac6_Iai_e_AGly__Aac6_Iai__1629
Aac6_Iai_e_AGly_1	Aac6_Iai_e_AGly.390__Aac6_Iai_e_AGly__Aac6_Iae__1628
Aac6_Ic_AGly	Aac6_Ic_AGly.449__Aac6_Ic_AGly__Aac6_Ic__272
Aac6_Id_AGly	Aac6_Id_AGly.446__Aac6_Id_AGly__Aac6_Id__281
Aac6_If_AGly	Aac6_If_AGly.457__Aac6_If_AGly__Aac6_If__765
Aac6_Ig_AGly	Aac6_Ig_AGly.455__Aac6_Ig_AGly__Aac6_Ig__762
Aac6_Ig_AGly_1	Aac6_Ig_AGly.455__Aac6_Ig_AGly__Aac6_Ik__763
Aac6_Ih_AGly	Aac6_Ih_AGly.450__Aac6_Ih_AGly__Aac6_Ih__752	Aac6_Ih_AGly.450__Aac6_Ih_AGly__Aac6_It__754	Aac6_Ih_AGly.450__Aac6_Ih_AGly__Aac6_Iv__756
Aac6_Ih_AGly_1	Aac6_Ih_AGly.450__Aac6_Ih_AGly__Aac6_Is__753	Aac6_Ih_AGly.450__Aac6_Ih_AGly__Aac6_Iu__755
Aac6_Ii_AGly	Aac6_Ii_AGly.402__Aac6_Ii_AGly__Aac6_Ii__591
Aac6_Ij_AGly	Aac6_Ij_AGly.451__Aac6_Ij_AGly__Aac6_Ij__757
Aac6_Im_AGly	Aac6_Im_AGly.409__Aac6_Im_AGly__Aac6_Im__594
Aac6_Ir_AGly	Aac6_Ir_AGly.452__Aac6_Ir_AGly__Aac6_Ir__758
Aac6_Iw_AGly	Aac6_Iw_AGly.453__Aac6_Iw_AGly__Aac6_Iw__759
Aac6_Iz_AGly	Aac6_Iz_AGly.439__Aac6_Iz_AGly__Aac6_Iz__308
Aac8_AGly	Aac8_AGly.204__Aac8_AGly__Aac8__1038
AacA29b_AGly	AacA29b_AGly.461__AacA29b_AGly__AacA29b__1237
AacA43_AGly	AacA43_AGly.391__AacA43_AGly__AacA43__1627
AacAad_AGly	AacAad_AGly.43__AacAad_AGly__AadA16__1681
AacAad_AGly_1	AacAad_AGly.43__AacAad_AGly__AadA10__1680
AacAad_AGly_2	AacAad_AGly.43__AacAad_AGly__AadA7__1683
AacAad_AGly_3	AacAad_AGly.43__AacAad_AGly__Aac6Ib_cr__1678	AacAad_AGly.43__AacAad_AGly__Aac6_Ib__1677	AacAad_AGly.43__AacAad_AGly__AacA4__1679	AacAad_AGly.43__AacAad_AGly__AadA6__1682	AacAad_AGly.43__AacAad_AGly__Ant3__Ih_Aac6_IId__1684
AacAad_AGly_4	AacAad_AGly.43__AacAad_AGly__Aac6_31__1676
Aac_AGly	Aac_AGly.396__Aac_AGly__Aac__618
Aac_IIIa_AGly	Aac_IIIa_AGly.250__Aac_IIIa_AGly__Aac_IIIa__1216
Aad9_Agly	Aad9_Agly.301__Aad9_Agly__Aad9__1582
AadA14_AGly	AadA14_AGly.290__AadA14_AGly__AadA14__72
AadA4_5_AGly	AadA4_5_AGly.285__AadA4_5_AGly__AadA4__1496	AadA4_5_AGly.285__AadA4_5_AGly__AadA5__1497
AadA9_AGly	AadA9_AGly.226__AadA9_AGly__AadA9__1615
AadA_AGly	AadA_AGly.229__AadA_AGly__AadA11__1599	AadA_AGly.229__AadA_AGly__AadA12__1600	AadA_AGly.229__AadA_AGly__AadA15__1602	AadA_AGly.229__AadA_AGly__AadA17__1603	AadA_AGly.229__AadA_AGly__AadA1__1598	AadA_AGly.229__AadA_AGly__AadA1_pm__1597	AadA_AGly.229__AadA_AGly__AadA21__1606	AadA_AGly.229__AadA_AGly__AadA22__1607	AadA_AGly.229__AadA_AGly__AadA23__1608	AadA_AGly.229__AadA_AGly__AadA24__1609	AadA_AGly.229__AadA_AGly__AadA24__1688	AadA_AGly.229__AadA_AGly__AadA3__1610	AadA_AGly.229__AadA_AGly__AadA8__1611	AadA_AGly.229__AadA_AGly__AadA8b__1612
AadA_AGly_1	AadA_AGly.229__AadA_AGly__AadA13__1601
AadA_AGly_2	AadA_AGly.229__AadA_AGly__AadA2__1605
AadB_AGly	AadB_AGly.411__AadB_AGly__AadB__1085
AadC_AGly	AadC_AGly.429__AadC_AGly__AadC__1569
AadD_AGly	AadD_AGly.299__AadD_AGly__AadD__63
AadE_K_AGly	AadE_K_AGly.173__AadE_K_AGly__AadK_Pm__779
AadE_K_AGly_1	AadE_K_AGly.173__AadE_K_AGly__AadE_Pp__778
AmpC1_Ecoli_Bla	AmpC1_Ecoli_Bla.49__AmpC1_Ecoli_Bla__AmpC1__1670
AmpC2_Ecoli_Bla	AmpC2_Ecoli_Bla.99__AmpC2_Ecoli_Bla__AmpC2__346
AmpC_Bla	AmpC_Bla.95__AmpC_Bla__AmpC__452
AmpH_Bla	AmpH_Bla.86__AmpH_Bla__AmpH__634
AmpS_Bla	AmpS_Bla.57__AmpS_Bla__AmpS__1540
Ant4_IIa_AGly	Ant4_IIa_AGly.305__Ant4_IIa_AGly__Ant4_IIa__1594
Ant4_IIb_AGly	Ant4_IIb_AGly.307__Ant4_IIb_AGly__Ant4_IIb__1596
Ant4_Ib_AGly	Ant4_Ib_AGly.300__Ant4_Ib_AGly__Ant4_Ib__1581
Ant6_Ia_AGly	Ant6_Ia_AGly.153__Ant6_Ia_AGly__Ant6_Ia__1633
Ant6_Ib_AGly	Ant6_Ib_AGly.206__Ant6_Ib_AGly__Ant6_Ib__1040
Aph2_Ib_AGly	Aph2_Ib_AGly.163__Aph2_Ib_AGly__Aph2_Ib__1453
Aph2__I_AGly	Aph2__I_AGly.155__Aph2__I_AGly__Aph2__Id__1637	Aph2__I_AGly.155__Aph2__I_AGly__Aph2__Ie__1638
Aph2__Ic_AGly	Aph2__Ic_AGly.148__Aph2__Ic_AGly__Aph2__Ic__550
Aph3_AGly	Aph3_AGly.265__Aph3_AGly__AphVIII__1511
Aph3_AGly_1	Aph3_AGly.265__Aph3_AGly__Aph3_Va__1512
Aph3_III_AGly	Aph3_III_AGly.277__Aph3_III_AGly__Aph3_III__268
Aph3_IIb_AGly	Aph3_IIb_AGly.261__Aph3_IIb_AGly__Aph3_IIb__1503
Aph3_IIc_AGly	Aph3_IIc_AGly.264__Aph3_IIc_AGly__Aph3_IIc__1513
Aph3_IV_AGly	Aph3_IV_AGly.286__Aph3_IV_AGly__Aph3_IV__1500
Aph3_Ib_AGly	Aph3_Ib_AGly.253__Aph3_Ib_AGly__Aph3_Ib__784
Aph3_Id_AGly	Aph3_Id_AGly.252__Aph3_Id_AGly__Aph3_Id__1214
Aph3_VIIa_AGly	Aph3_VIIa_AGly.312__Aph3_VIIa_AGly__Aph3_VIIa__1137
Aph3_Vb_AGly	Aph3_Vb_AGly.278__Aph3_Vb_AGly__Aph3_Vc__270
Aph3_Vb_AGly_1	Aph3_Vb_AGly.278__Aph3_Vb_AGly__Aph3_Vb__269
Aph3__Ia_AGly	Aph3__Ia_AGly.251__Aph3__Ia_AGly__Aph3_Ia__1218	Aph3__Ia_AGly.251__Aph3__Ia_AGly__Aph3__Ia__1217	Aph3__Ia_AGly.251__Aph3__Ia_AGly__Aph_3___Ic__1728
Aph3__Ic_AGly	Aph3__Ic_AGly.303__Aph3__Ic_AGly__Aph3__Ic__1592
Aph4_Ia_AGly	Aph4_Ia_AGly.121__Aph4_Ia_AGly__Aph4_Ia__1061
Aph4_Ib_AGly	Aph4_Ib_AGly.126__Aph4_Ib_AGly__Aph4_Ib__1068
Aph6_Ia_AGly	Aph6_Ia_AGly.145__Aph6_Ia_AGly__Aph6_Ia__540
Aph7_AGly	Aph7_AGly.487__Aph7_AGly__Aph7__1795
Aph9_Ia_AGly	Aph9_Ia_AGly.127__Aph9_Ia_AGly__Aph9_Ia__1069
AphA15_AGly	AphA15_AGly.279__AphA15_AGly__AphA15__271
AphA2_AGly	AphA2_AGly.281__AphA2_AGly__AphA2__1492
AphA6_AGly	AphA6_AGly.294__AphA6_AGly__Aph3_VIb__67	AphA6_AGly.294__AphA6_AGly__AphA6__66
Aph_AGly	Aph_AGly.219__Aph_AGly__Sph__1488
Aph_Ib_AGly	Aph_Ib_AGly.146__Aph_Ib_AGly__Aph6_Ib__536
Aph_Ib_AGly_1	Aph_Ib_AGly.146__Aph_Ib_AGly__Aph9_Ib__537
ApmA_AGly	ApmA_AGly.240__ApmA_AGly__ApmA__649
ArmA_AGly	ArmA_AGly.297__ArmA_AGly__ArmA__65
Arr4_Rif	Arr4_Rif.444__Arr4_Rif__Arr4__283
Arr4_Rif_1	Arr4_Rif.444__Arr4_Rif__Arr7__284
Arr5_Rif	Arr5_Rif.445__Arr5_Rif__Arr5__282
Arr_Rif	Arr_Rif.443__Arr_Rif__Arr2__274	Arr_Rif.443__Arr_Rif__Arr3__275	Arr_Rif.443__Arr_Rif__Arr6__276
BCL_Bla	BCL_Bla.486__BCL_Bla__BCL_1__1794
BEL_1_Bla	BEL_1_Bla.211__BEL_1_Bla__BEL_1__1483	BEL_1_Bla.211__BEL_1_Bla__BEL_2__1484	BEL_1_Bla.211__BEL_1_Bla__BEL_3__1485
BES_1_Bla	BES_1_Bla.189__BES_1_Bla__BES_1__828
BIC_1_Bla	BIC_1_Bla.181__BIC_1_Bla__BIC_1__790
BKC_Bla	BKC_Bla.483__BKC_Bla__BKC_1__1791
BLA_Bla	BLA_Bla.485__BLA_Bla__BLA_1__1793
BRO_Bla	BRO_Bla.482__BRO_Bla__BRO_1__1789	BRO_Bla.482__BRO_Bla__BRO_2__1790
B_1_Bla	B_1_Bla.314__B_1_Bla__B_11__1168	B_1_Bla.314__B_1_Bla__B_14__1171	B_1_Bla.314__B_1_Bla__B_1__1159	B_1_Bla.314__B_1_Bla__B_2__1160
B_1_Bla_1	B_1_Bla.314__B_1_Bla__B_12__1169	B_1_Bla.314__B_1_Bla__B_13__1170	B_1_Bla.314__B_1_Bla__B_3__1161
B_1_Bla_2	B_1_Bla.314__B_1_Bla__B_10__1167	B_1_Bla.314__B_1_Bla__B_5__1162	B_1_Bla.314__B_1_Bla__B_6__1163	B_1_Bla.314__B_1_Bla__B_7__1164	B_1_Bla.314__B_1_Bla__B_8__1165
BlaA1_Bla	BlaA1_Bla.123__BlaA1_Bla__BlaA1__1063
BlaA2_Bla	BlaA2_Bla.51__BlaA2_Bla__BlaA2__1542
BlaA_Bla	BlaA_Bla.180__BlaA_Bla__BlaA__789
BlaZ_Bla	BlaZ_Bla.216__BlaZ_Bla__BlaZ__1476
CARB_5_Bla	CARB_5_Bla.170__CARB_5_Bla__CARB_10__783	CARB_5_Bla.170__CARB_5_Bla__CARB_5__782	CARB_5_Bla.170__CARB_5_Bla__CARB_8_OU__1698
CARB_Bla	CARB_Bla.137__CARB_Bla__CARB_11__566	CARB_Bla.137__CARB_Bla__CARB_1__558	CARB_Bla.137__CARB_Bla__CARB_2__559	CARB_Bla.137__CARB_Bla__CARB_3__560	CARB_Bla.137__CARB_Bla__CARB_6__562	CARB_Bla.137__CARB_Bla__CARB_8__1157	CARB_Bla.137__CARB_Bla__PSE_4__557
CARB_Bla_1	CARB_Bla.137__CARB_Bla__CARB_4__561
CARB_Bla_2	CARB_Bla.137__CARB_Bla__CARB_7__563	CARB_Bla.137__CARB_Bla__CARB_9__565
CAU_Bla	CAU_Bla.494__CAU_Bla__CAU_1__1811
CEPA_85_Bla	CEPA_85_Bla.161__CEPA_85_Bla__CEPA_29__1450	CEPA_85_Bla.161__CEPA_85_Bla__CEPA_29__1451	CEPA_85_Bla.161__CEPA_85_Bla__CEPA_44__1449	CEPA_85_Bla.161__CEPA_85_Bla__CEPA_49__1448
CEPH_AQU_Bla	CEPH_AQU_Bla.478__CEPH_AQU_Bla__AQU1__1782	CEPH_AQU_Bla.478__CEPH_AQU_Bla__AQU2__1783	CEPH_AQU_Bla.478__CEPH_AQU_Bla__AQU3__1784
CEPH_AQU_Bla_1	CEPH_AQU_Bla.478__CEPH_AQU_Bla__CEPH__1781
CEPH_Bla	CEPH_Bla.302__CEPH_Bla__CEPH_A3__1583	CEPH_Bla.302__CEPH_Bla__CphA4__1587	CEPH_Bla.302__CEPH_Bla__CphA5__1588	CEPH_Bla.302__CEPH_Bla__CphA6__1589	CEPH_Bla.302__CEPH_Bla__CphA7__1590	CEPH_Bla.302__CEPH_Bla__CphA8__1591	CEPH_Bla.302__CEPH_Bla__CphA__1586	CEPH_Bla.302__CEPH_Bla__IMIH__1585	CEPH_Bla.302__CEPH_Bla__IMIS__1584
CGA_Bla	CGA_Bla.490__CGA_Bla__CGA_1__1800
CGB_1_Bla	CGB_1_Bla.330__CGB_1_Bla__CGB_1__332
CIA_Bla	CIA_Bla.491__CIA_Bla__CIA_1__1801	CIA_Bla.491__CIA_Bla__CIA_2__1802	CIA_Bla.491__CIA_Bla__CIA_3__1803	CIA_Bla.491__CIA_Bla__CIA_4__1804
CME_1_Bla	CME_1_Bla.178__CME_1_Bla__CME_1__767
CMY_Bla	CMY_Bla.92__CMY_Bla__BIL_1__372	CMY_Bla.92__CMY_Bla__CMY_104__451	CMY_Bla.92__CMY_Bla__CMY_105__105	CMY_Bla.92__CMY_Bla__CMY_106__125	CMY_Bla.92__CMY_Bla__CMY_108__167	CMY_Bla.92__CMY_Bla__CMY_110__423	CMY_Bla.92__CMY_Bla__CMY_111__507	CMY_Bla.92__CMY_Bla__CMY_112__508	CMY_Bla.92__CMY_Bla__CMY_113__522	CMY_Bla.92__CMY_Bla__CMY_114__564	CMY_Bla.92__CMY_Bla__CMY_115__567	CMY_Bla.92__CMY_Bla__CMY_116__749	CMY_Bla.92__CMY_Bla__CMY_117__851	CMY_Bla.92__CMY_Bla__CMY_118__865	CMY_Bla.92__CMY_Bla__CMY_119__952	CMY_Bla.92__CMY_Bla__CMY_12__378	CMY_Bla.92__CMY_Bla__CMY_131__1042	CMY_Bla.92__CMY_Bla__CMY_132__1072	CMY_Bla.92__CMY_Bla__CMY_133__1086	CMY_Bla.92__CMY_Bla__CMY_135__1129	CMY_Bla.92__CMY_Bla__CMY_13__379	CMY_Bla.92__CMY_Bla__CMY_14__380	CMY_Bla.92__CMY_Bla__CMY_15__381	CMY_Bla.92__CMY_Bla__CMY_16__382	CMY_Bla.92__CMY_Bla__CMY_17__383	CMY_Bla.92__CMY_Bla__CMY_18__384	CMY_Bla.92__CMY_Bla__CMY_20__385	CMY_Bla.92__CMY_Bla__CMY_21__386	CMY_Bla.92__CMY_Bla__CMY_22__387	CMY_Bla.92__CMY_Bla__CMY_23__388	CMY_Bla.92__CMY_Bla__CMY_24__389	CMY_Bla.92__CMY_Bla__CMY_25__390	CMY_Bla.92__CMY_Bla__CMY_26__391	CMY_Bla.92__CMY_Bla__CMY_27__392	CMY_Bla.92__CMY_Bla__CMY_28__393	CMY_Bla.92__CMY_Bla__CMY_2__373	CMY_Bla.92__CMY_Bla__CMY_31__396	CMY_Bla.92__CMY_Bla__CMY_32__397	CMY_Bla.92__CMY_Bla__CMY_33__398	CMY_Bla.92__CMY_Bla__CMY_34__399	CMY_Bla.92__CMY_Bla__CMY_35__400	CMY_Bla.92__CMY_Bla__CMY_36__401	CMY_Bla.92__CMY_Bla__CMY_37__402	CMY_Bla.92__CMY_Bla__CMY_38__403	CMY_Bla.92__CMY_Bla__CMY_39__404	CMY_Bla.92__CMY_Bla__CMY_40__405	CMY_Bla.92__CMY_Bla__CMY_41__406	CMY_Bla.92__CMY_Bla__CMY_42__407	CMY_Bla.92__CMY_Bla__CMY_43__408	CMY_Bla.92__CMY_Bla__CMY_44__409	CMY_Bla.92__CMY_Bla__CMY_45__410	CMY_Bla.92__CMY_Bla__CMY_46__411	CMY_Bla.92__CMY_Bla__CMY_47__412	CMY_Bla.92__CMY_Bla__CMY_48__413	CMY_Bla.92__CMY_Bla__CMY_49__414	CMY_Bla.92__CMY_Bla__CMY_4__374	CMY_Bla.92__CMY_Bla__CMY_50__415	CMY_Bla.92__CMY_Bla__CMY_51__416	CMY_Bla.92__CMY_Bla__CMY_53__417	CMY_Bla.92__CMY_Bla__CMY_54__418	CMY_Bla.92__CMY_Bla__CMY_55__419	CMY_Bla.92__CMY_Bla__CMY_56__420	CMY_Bla.92__CMY_Bla__CMY_57__421	CMY_Bla.92__CMY_Bla__CMY_58__422	CMY_Bla.92__CMY_Bla__CMY_5__375	CMY_Bla.92__CMY_Bla__CMY_60__424	CMY_Bla.92__CMY_Bla__CMY_61__425	CMY_Bla.92__CMY_Bla__CMY_62__426	CMY_Bla.92__CMY_Bla__CMY_63__427	CMY_Bla.92__CMY_Bla__CMY_64__428	CMY_Bla.92__CMY_Bla__CMY_65__429	CMY_Bla.92__CMY_Bla__CMY_66__430	CMY_Bla.92__CMY_Bla__CMY_67__431	CMY_Bla.92__CMY_Bla__CMY_68__432	CMY_Bla.92__CMY_Bla__CMY_69__433	CMY_Bla.92__CMY_Bla__CMY_6__376	CMY_Bla.92__CMY_Bla__CMY_70__434	CMY_Bla.92__CMY_Bla__CMY_71__435	CMY_Bla.92__CMY_Bla__CMY_72__436	CMY_Bla.92__CMY_Bla__CMY_73__437	CMY_Bla.92__CMY_Bla__CMY_74__438	CMY_Bla.92__CMY_Bla__CMY_75__439	CMY_Bla.92__CMY_Bla__CMY_76__440	CMY_Bla.92__CMY_Bla__CMY_77__441	CMY_Bla.92__CMY_Bla__CMY_78__442	CMY_Bla.92__CMY_Bla__CMY_79__443	CMY_Bla.92__CMY_Bla__CMY_7__377	CMY_Bla.92__CMY_Bla__CMY_80__444	CMY_Bla.92__CMY_Bla__CMY_81__445	CMY_Bla.92__CMY_Bla__CMY_83__446	CMY_Bla.92__CMY_Bla__CMY_84__447	CMY_Bla.92__CMY_Bla__CMY_94__449	CMY_Bla.92__CMY_Bla__CMY_95__450	CMY_Bla.92__CMY_Bla__LAT_1__370
CMY_Bla_1	CMY_Bla.92__CMY_Bla__CFE_1__371
CMY_MOX_Bla	CMY_MOX_Bla.91__CMY_MOX_Bla__MOX_5__359	CMY_MOX_Bla.91__CMY_MOX_Bla__MOX_6__360	CMY_MOX_Bla.91__CMY_MOX_Bla__MOX_7__361	CMY_MOX_Bla.91__CMY_MOX_Bla__MOX_8__101
CMY_MOX_Bla_1	CMY_MOX_Bla.91__CMY_MOX_Bla__CMY_10__365	CMY_MOX_Bla.91__CMY_MOX_Bla__CMY_11__366	CMY_MOX_Bla.91__CMY_MOX_Bla__CMY_19__367	CMY_MOX_Bla.91__CMY_MOX_Bla__CMY_1__362	CMY_MOX_Bla.91__CMY_MOX_Bla__CMY_8__363	CMY_MOX_Bla.91__CMY_MOX_Bla__CMY_9__364	CMY_MOX_Bla.91__CMY_MOX_Bla__MOX_1__355	CMY_MOX_Bla.91__CMY_MOX_Bla__MOX_2__356	CMY_MOX_Bla.91__CMY_MOX_Bla__MOX_3__357	CMY_MOX_Bla.91__CMY_MOX_Bla__MOX_4__358
CTX_M_1_Bla	CTX_M_1_Bla.193__CTX_M_1_Bla__CTX_M_101__182	CTX_M_1_Bla.193__CTX_M_1_Bla__CTX_M_114__186	CTX_M_1_Bla.193__CTX_M_1_Bla__CTX_M_116__187	CTX_M_1_Bla.193__CTX_M_1_Bla__CTX_M_117__188	CTX_M_1_Bla.193__CTX_M_1_Bla__CTX_M_123__189	CTX_M_1_Bla.193__CTX_M_1_Bla__CTX_M_12__149	CTX_M_1_Bla.193__CTX_M_1_Bla__CTX_M_132__190	CTX_M_1_Bla.193__CTX_M_1_Bla__CTX_M_133__191	CTX_M_1_Bla.193__CTX_M_1_Bla__CTX_M_136__192	CTX_M_1_Bla.193__CTX_M_1_Bla__CTX_M_139__193	CTX_M_1_Bla.193__CTX_M_1_Bla__CTX_M_15__150	CTX_M_1_Bla.193__CTX_M_1_Bla__CTX_M_1__145	CTX_M_1_Bla.193__CTX_M_1_Bla__CTX_M_22__151	CTX_M_1_Bla.193__CTX_M_1_Bla__CTX_M_23__152	CTX_M_1_Bla.193__CTX_M_1_Bla__CTX_M_28__153	CTX_M_1_Bla.193__CTX_M_1_Bla__CTX_M_29__154	CTX_M_1_Bla.193__CTX_M_1_Bla__CTX_M_30__155	CTX_M_1_Bla.193__CTX_M_1_Bla__CTX_M_32__156	CTX_M_1_Bla.193__CTX_M_1_Bla__CTX_M_33__157	CTX_M_1_Bla.193__CTX_M_1_Bla__CTX_M_34__158	CTX_M_1_Bla.193__CTX_M_1_Bla__CTX_M_36__159	CTX_M_1_Bla.193__CTX_M_1_Bla__CTX_M_37__160	CTX_M_1_Bla.193__CTX_M_1_Bla__CTX_M_38__161	CTX_M_1_Bla.193__CTX_M_1_Bla__CTX_M_3__146	CTX_M_1_Bla.193__CTX_M_1_Bla__CTX_M_42__162	CTX_M_1_Bla.193__CTX_M_1_Bla__CTX_M_52__163	CTX_M_1_Bla.193__CTX_M_1_Bla__CTX_M_53__164	CTX_M_1_Bla.193__CTX_M_1_Bla__CTX_M_54__165	CTX_M_1_Bla.193__CTX_M_1_Bla__CTX_M_55__166	CTX_M_1_Bla.193__CTX_M_1_Bla__CTX_M_58__168	CTX_M_1_Bla.193__CTX_M_1_Bla__CTX_M_60__169	CTX_M_1_Bla.193__CTX_M_1_Bla__CTX_M_61__170	CTX_M_1_Bla.193__CTX_M_1_Bla__CTX_M_62__171	CTX_M_1_Bla.193__CTX_M_1_Bla__CTX_M_66__173	CTX_M_1_Bla.193__CTX_M_1_Bla__CTX_M_68__174	CTX_M_1_Bla.193__CTX_M_1_Bla__CTX_M_69__175	CTX_M_1_Bla.193__CTX_M_1_Bla__CTX_M_71__176	CTX_M_1_Bla.193__CTX_M_1_Bla__CTX_M_72__177	CTX_M_1_Bla.193__CTX_M_1_Bla__CTX_M_79__178	CTX_M_1_Bla.193__CTX_M_1_Bla__CTX_M_80__179	CTX_M_1_Bla.193__CTX_M_1_Bla__CTX_M_96__181
CTX_M_1_Bla_1	CTX_M_1_Bla.193__CTX_M_1_Bla__CTX_M_64__172
CTX_M_2_Bla	CTX_M_2_Bla.159__CTX_M_2_Bla__CTX_M_124__1661	CTX_M_2_Bla.159__CTX_M_2_Bla__CTX_M_131__1662	CTX_M_2_Bla.159__CTX_M_2_Bla__CTX_M_20__1647	CTX_M_2_Bla.159__CTX_M_2_Bla__CTX_M_2__1642	CTX_M_2_Bla.159__CTX_M_2_Bla__CTX_M_31__1648	CTX_M_2_Bla.159__CTX_M_2_Bla__CTX_M_35__1649	CTX_M_2_Bla.159__CTX_M_2_Bla__CTX_M_43__1650	CTX_M_2_Bla.159__CTX_M_2_Bla__CTX_M_44__1651	CTX_M_2_Bla.159__CTX_M_2_Bla__CTX_M_4__1643	CTX_M_2_Bla.159__CTX_M_2_Bla__CTX_M_56__1652	CTX_M_2_Bla.159__CTX_M_2_Bla__CTX_M_59__1653	CTX_M_2_Bla.159__CTX_M_2_Bla__CTX_M_5__1644	CTX_M_2_Bla.159__CTX_M_2_Bla__CTX_M_6__1645	CTX_M_2_Bla.159__CTX_M_2_Bla__CTX_M_76__1656	CTX_M_2_Bla.159__CTX_M_2_Bla__CTX_M_77__1657	CTX_M_2_Bla.159__CTX_M_2_Bla__CTX_M_7__1646	CTX_M_2_Bla.159__CTX_M_2_Bla__CTX_M_92__1658	CTX_M_2_Bla.159__CTX_M_2_Bla__CTX_M_95__1659	CTX_M_2_Bla.159__CTX_M_2_Bla__CTX_M_97__1660
CTX_M_8_Bla	CTX_M_8_Bla.194__CTX_M_8_Bla__CTX_M_100__88	CTX_M_8_Bla.194__CTX_M_8_Bla__CTX_M_25__78	CTX_M_8_Bla.194__CTX_M_8_Bla__CTX_M_26__79	CTX_M_8_Bla.194__CTX_M_8_Bla__CTX_M_39__80	CTX_M_8_Bla.194__CTX_M_8_Bla__CTX_M_41__82	CTX_M_8_Bla.194__CTX_M_8_Bla__CTX_M_78__84	CTX_M_8_Bla.194__CTX_M_8_Bla__CTX_M_89__85	CTX_M_8_Bla.194__CTX_M_8_Bla__CTX_M_91__86	CTX_M_8_Bla.194__CTX_M_8_Bla__CTX_M_94__87
CTX_M_8_Bla_1	CTX_M_8_Bla.194__CTX_M_8_Bla__CTX_M_40__81	CTX_M_8_Bla.194__CTX_M_8_Bla__CTX_M_63__83	CTX_M_8_Bla.194__CTX_M_8_Bla__CTX_M_8__77
CTX_M_9_Bla	CTX_M_9_Bla.190__CTX_M_9_Bla__CTX_M_102__130	CTX_M_9_Bla.190__CTX_M_9_Bla__CTX_M_104__131	CTX_M_9_Bla.190__CTX_M_9_Bla__CTX_M_105__132	CTX_M_9_Bla.190__CTX_M_9_Bla__CTX_M_111__135	CTX_M_9_Bla.190__CTX_M_9_Bla__CTX_M_112__136	CTX_M_9_Bla.190__CTX_M_9_Bla__CTX_M_113__137	CTX_M_9_Bla.190__CTX_M_9_Bla__CTX_M_121__138	CTX_M_9_Bla.190__CTX_M_9_Bla__CTX_M_122__139	CTX_M_9_Bla.190__CTX_M_9_Bla__CTX_M_125__140	CTX_M_9_Bla.190__CTX_M_9_Bla__CTX_M_126__141	CTX_M_9_Bla.190__CTX_M_9_Bla__CTX_M_129__142	CTX_M_9_Bla.190__CTX_M_9_Bla__CTX_M_130__143	CTX_M_9_Bla.190__CTX_M_9_Bla__CTX_M_134__144	CTX_M_9_Bla.190__CTX_M_9_Bla__CTX_M_14__102	CTX_M_9_Bla.190__CTX_M_9_Bla__CTX_M_16__103	CTX_M_9_Bla.190__CTX_M_9_Bla__CTX_M_17__104	CTX_M_9_Bla.190__CTX_M_9_Bla__CTX_M_19__106	CTX_M_9_Bla.190__CTX_M_9_Bla__CTX_M_21__107	CTX_M_9_Bla.190__CTX_M_9_Bla__CTX_M_24__108	CTX_M_9_Bla.190__CTX_M_9_Bla__CTX_M_27__109	CTX_M_9_Bla.190__CTX_M_9_Bla__CTX_M_45__110	CTX_M_9_Bla.190__CTX_M_9_Bla__CTX_M_46__111	CTX_M_9_Bla.190__CTX_M_9_Bla__CTX_M_47__112	CTX_M_9_Bla.190__CTX_M_9_Bla__CTX_M_48__113	CTX_M_9_Bla.190__CTX_M_9_Bla__CTX_M_49__114	CTX_M_9_Bla.190__CTX_M_9_Bla__CTX_M_50__115	CTX_M_9_Bla.190__CTX_M_9_Bla__CTX_M_51__116	CTX_M_9_Bla.190__CTX_M_9_Bla__CTX_M_65__117	CTX_M_9_Bla.190__CTX_M_9_Bla__CTX_M_67__118	CTX_M_9_Bla.190__CTX_M_9_Bla__CTX_M_81__119	CTX_M_9_Bla.190__CTX_M_9_Bla__CTX_M_82__120	CTX_M_9_Bla.190__CTX_M_9_Bla__CTX_M_83__121	CTX_M_9_Bla.190__CTX_M_9_Bla__CTX_M_84__122	CTX_M_9_Bla.190__CTX_M_9_Bla__CTX_M_85__123	CTX_M_9_Bla.190__CTX_M_9_Bla__CTX_M_86__124	CTX_M_9_Bla.190__CTX_M_9_Bla__CTX_M_90__126	CTX_M_9_Bla.190__CTX_M_9_Bla__CTX_M_93__127	CTX_M_9_Bla.190__CTX_M_9_Bla__CTX_M_98__128	CTX_M_9_Bla.190__CTX_M_9_Bla__CTX_M_99__129	CTX_M_9_Bla.190__CTX_M_9_Bla__CTX_M_9__100
CarA_MLS	CarA_MLS.21__CarA_MLS__CarA__580
CatA10_Phe	CatA10_Phe.343__CatA10_Phe__CatA10__59
CatA1_Phe	CatA1_Phe.352__CatA1_Phe__CatA1__1470
CatA2_Phe	CatA2_Phe.363__CatA2_Phe__CatA2__1182
CatA3_Phe	CatA3_Phe.364__CatA3_Phe__CatA3__1179
CatA9_Phe	CatA9_Phe.358__CatA9_Phe__CatA9__1475
CatA_Phe	CatA_Phe.360__CatA_Phe__CatA7__1185	CatA_Phe.360__CatA_Phe__Cat_pC221__1183
CatA_Phe_1	CatA_Phe.360__CatA_Phe__CatA8__1186	CatA_Phe.360__CatA_Phe__Cat_pC223__1184
CatB10_Phe	CatB10_Phe.372__CatB10_Phe__CatB10__606
CatB1_Phe	CatB1_Phe.375__CatB1_Phe__CatB1__607
CatB2_Phe	CatB2_Phe.370__CatB2_Phe__CatB2__604
CatB5_Phe	CatB5_Phe.376__CatB5_Phe__CatB5__610	CatB5_Phe.376__CatB5_Phe__CatB9__611
CatB6_Phe	CatB6_Phe.379__CatB6_Phe__CatB6__596
CatB7_Phe	CatB7_Phe.367__CatB7_Phe__CatB7__1178
CatB_Phe	CatB_Phe.353__CatB_Phe__CatB__1469
CatBx_Phe	CatBx_Phe.371__CatBx_Phe__CatB3__601	CatBx_Phe.371__CatBx_Phe__CatB4__602
CatBx_Phe_1	CatBx_Phe.371__CatBx_Phe__CatB8__603
CatQ_Phe	CatQ_Phe.354__CatQ_Phe__CatQ__1468
Cat_86_Phe	Cat_86_Phe.348__Cat_86_Phe__Cat_86__60
Cat_Phe	Cat_Phe.368__Cat_Phe__CatD__1173	Cat_Phe.368__Cat_Phe__CatP__1174
CfiA_Bla	CfiA_Bla.315__CfiA_Bla__CCR_A__1745	CfiA_Bla.315__CfiA_Bla__CfiA10__1151	CfiA_Bla.315__CfiA_Bla__CfiA13__1154	CfiA_Bla.315__CfiA_Bla__CfiA14__1155	CfiA_Bla.315__CfiA_Bla__CfiA15__1156	CfiA_Bla.315__CfiA_Bla__CfiA1__1142	CfiA_Bla.315__CfiA_Bla__CfiA2__1143	CfiA_Bla.315__CfiA_Bla__CfiA3__1144	CfiA_Bla.315__CfiA_Bla__CfiA4__1145	CfiA_Bla.315__CfiA_Bla__CfiA6__1147	CfiA_Bla.315__CfiA_Bla__CfiA8__1149	CfiA_Bla.315__CfiA_Bla__CfiA9__1150
CfrA_MLS	CfrA_MLS.114__CfrA_MLS__CfrA__1548
CfxA_Bla	CfxA_Bla.128__CfxA_Bla__CfxA6__1075
CfxA_Bla_1	CfxA_Bla.128__CfxA_Bla__CfxA2__1071	CfxA_Bla.128__CfxA_Bla__CfxA4__1073	CfxA_Bla.128__CfxA_Bla__CfxA5__1074	CfxA_Bla.128__CfxA_Bla__CfxA__1070
CmlA_Phe	CmlA_Phe.55__CmlA_Phe__CmlA1__1537	CmlA_Phe.55__CmlA_Phe__CmlA5__1538
CmlB1_Phe	CmlB1_Phe.476__CmlB1_Phe__CmlB1__1763
CmlV_Phe	CmlV_Phe.48__CmlV_Phe__CmlV__1669
Cml_Phe	Cml_Phe.76__Cml_Phe__Cml__1045
CmrA_Phe	CmrA_Phe.78__CmrA_Phe__CmrA__1053
Cmr_Phe	Cmr_Phe.79__Cmr_Phe__Cmr__1052	Cmr_Phe.79__Cmr_Phe__Cmx__58
CphA1_Bla	CphA1_Bla.130__CphA1_Bla__CphA1__556
CphA2_Bla	CphA2_Bla.147__CphA2_Bla__CphA2__538
DES_Bla	DES_Bla.480__DES_Bla__DES_1__1787
DHA_Bla	DHA_Bla.98__DHA_Bla__DHA_1__349	DHA_Bla.98__DHA_Bla__DHA_2__350	DHA_Bla.98__DHA_Bla__DHA_3__351	DHA_Bla.98__DHA_Bla__DHA_5__352	DHA_Bla.98__DHA_Bla__DHA_6__353	DHA_Bla.98__DHA_Bla__DHA_7__354	DHA_Bla.98__DHA_Bla__DHA_9__1153	DHA_Bla.98__DHA_Bla__MOR__347	DHA_Bla.98__DHA_Bla__Mor_2__348
DIM_1_Bla	DIM_1_Bla.310__DIM_1_Bla__DIM_1__1139
DfrA10_Tmt	DfrA10_Tmt.392__DfrA10_Tmt__DfrA10__613
DfrA16_Tmt	DfrA16_Tmt.432__DfrA16_Tmt__DfrA16__315
DfrA19_Tmt	DfrA19_Tmt.389__DfrA19_Tmt__DfrA19__1202
DfrA1_Tmt	DfrA1_Tmt.430__DfrA1_Tmt__DfrA15__320	DfrA1_Tmt.430__DfrA1_Tmt__DfrA15b__321
DfrA1_Tmt_1	DfrA1_Tmt.430__DfrA1_Tmt__DfrA1__319
DfrA20_Tmt	DfrA20_Tmt.415__DfrA20_Tmt__DfrA20__1078
DfrA23_Tmt	DfrA23_Tmt.393__DfrA23_Tmt__DfrA23__612
DfrA24_Tmt	DfrA24_Tmt.395__DfrA24_Tmt__DfrA24__619
DfrA25_Tmt	DfrA25_Tmt.442__DfrA25_Tmt__DfrA25__277
DfrA26_Tmt	DfrA26_Tmt.400__DfrA26_Tmt__DfrA26__593
DfrA27_Tmt	DfrA27_Tmt.434__DfrA27_Tmt__DfrA27__311	DfrA27_Tmt.434__DfrA27_Tmt__DfrA28__312
DfrA3_Tmt	DfrA3_Tmt.421__DfrA3_Tmt__DfrA3__1571
DfrA3b_Tmt	DfrA3b_Tmt.426__DfrA3b_Tmt__DfrA3b__1578
DfrA5_Tmt	DfrA5_Tmt.431__DfrA5_Tmt__DfrA14__322
DfrA5_Tmt_1	DfrA5_Tmt.431__DfrA5_Tmt__DfrA30__323	DfrA5_Tmt.431__DfrA5_Tmt__DfrA5__324
DfrA6_Tmt	DfrA6_Tmt.435__DfrA6_Tmt__DfrA31__313	DfrA6_Tmt.435__DfrA6_Tmt__DfrA6__314
DfrA7_Tmt	DfrA7_Tmt.433__DfrA7_Tmt__DfrA17__316	DfrA7_Tmt.433__DfrA7_Tmt__DfrA32__317	DfrA7_Tmt.433__DfrA7_Tmt__DfrA7__318
DfrA8_Tmt	DfrA8_Tmt.416__DfrA8_Tmt__DfrA8__1079
DfrA9_Tmt	DfrA9_Tmt.412__DfrA9_Tmt__DfrA9__1087
DfrA_Tmt	DfrA_Tmt.418__DfrA_Tmt__DfrA12__1089
DfrA_Tmt_1	DfrA_Tmt.418__DfrA_Tmt__DfrA13__1090	DfrA_Tmt.418__DfrA_Tmt__DfrA21__1091	DfrA_Tmt.418__DfrA_Tmt__DfrA22__1092	DfrA_Tmt.418__DfrA_Tmt__DfrA33__1093
DfrB2_Tmt	DfrB2_Tmt.465__DfrB2_Tmt__DfrB2__1230
DfrB2_Tmt_1	DfrB2_Tmt.465__DfrB2_Tmt__DfrB3__1231
DfrB4_Tmt	DfrB4_Tmt.466__DfrB4_Tmt__DfrB4__1236
DfrB_Tmt	DfrB_Tmt.464__DfrB_Tmt__DfrB1__1232
DfrB_Tmt_1	DfrB_Tmt.464__DfrB_Tmt__DfrB5__1233	DfrB_Tmt.464__DfrB_Tmt__DfrB6__1234	DfrB_Tmt.464__DfrB_Tmt__DfrB8__1235
DfrC_Tmt	DfrC_Tmt.424__DfrC_Tmt__DfrC__1576
Dfr_Tmt	Dfr_Tmt.417__Dfr_Tmt__DfrD__1080
Dfr_Tmt_1	Dfr_Tmt.417__Dfr_Tmt__DfrG__1081
Dfr_Tmt_2	Dfr_Tmt.417__Dfr_Tmt__DfrK__1082
Dha1_Phe	Dha1_Phe.71__Dha1_Phe__Dha1__1050
EBR_1_Bla	EBR_1_Bla.333__EBR_1_Bla__EBR_1__333
ERP_1_Bla	ERP_1_Bla.185__ERP_1_Bla__ERP_1__811
EreA_MLS	EreA_MLS.62__EreA_MLS__EreA2__48	EreA_MLS.62__EreA_MLS__EreA__839
EreB_MLS	EreB_MLS.54__EreB_MLS__EreB__1539
Erm30_MLS	Erm30_MLS.124__Erm30_MLS__Erm30__1064
Erm31_MLS	Erm31_MLS.136__Erm31_MLS__Erm31__568
Erm32_MLS	Erm32_MLS.221__Erm32_MLS__Erm32__1622
Erm34_MLS	Erm34_MLS.217__Erm34_MLS__Erm34__1477
Erm35_MLS	Erm35_MLS.273__Erm35_MLS__Erm35__256
Erm36_MLS	Erm36_MLS.218__Erm36_MLS__Erm36__1486
Erm38_MLS	Erm38_MLS.88__Erm38_MLS__Erm38__614
Erm39_MLS	Erm39_MLS.322__Erm39_MLS__Erm39__840
Erm40_MLS	Erm40_MLS.311__Erm40_MLS__Erm40__1138
Erm41_MLS	Erm41_MLS.414__Erm41_MLS__Erm41__1077
Erm42_MLS	Erm42_MLS.157__Erm42_MLS__Erm42__1640
ErmA_MLS	ErmA_MLS.328__ErmA_MLS__Erm33__856
ErmA_MLS_1	ErmA_MLS.328__ErmA_MLS__ErmA__857
ErmB_MLS	ErmB_MLS.323__ErmB_MLS__ErmB__841
ErmC_MLS	ErmC_MLS.324__ErmC_MLS__ErmC__853
ErmC_MLS_1	ErmC_MLS.324__ErmC_MLS__ErmT__854
ErmD_MLS	ErmD_MLS.202__ErmD_MLS__ErmD__886
ErmE_MLS	ErmE_MLS.101__ErmE_MLS__ErmE__291
ErmF_MLS	ErmF_MLS.274__ErmF_MLS__ErmF__257
ErmG_MLS	ErmG_MLS.325__ErmG_MLS__ErmG__855
ErmH_MLS	ErmH_MLS.166__ErmH_MLS__ErmH__1443
ErmN_MLS	ErmN_MLS.195__ErmN_MLS__ErmN__76
ErmO_MLS	ErmO_MLS.293__ErmO_MLS__ErmO__71
ErmQ_MLS	ErmQ_MLS.298__ErmQ_MLS__ErmQ__62
ErmR_MLS	ErmR_MLS.122__ErmR_MLS__ErmR__1062
ErmS_MLS	ErmS_MLS.139__ErmS_MLS__ErmS__573
ErmV_MLS	ErmV_MLS.296__ErmV_MLS__ErmV__64
ErmW_MLS	ErmW_MLS.140__ErmW_MLS__ErmW__548
ErmX_MLS	ErmX_MLS.210__ErmX_MLS__ErmCX__1725	ErmX_MLS.210__ErmX_MLS__ErmX__1482
ErmY_MLS	ErmY_MLS.326__ErmY_MLS__ErmY__844
ErmZ_MLS	ErmZ_MLS.213__ErmZ_MLS__ErmZ__1481
FAR_1_Bla	FAR_1_Bla.171__FAR_1_Bla__FAR_1__781
FEZ_Bla	FEZ_Bla.499__FEZ_Bla__FEZ_1__1817
FIM_Bla	FIM_Bla.501__FIM_Bla__FIM_1__1819
FONA_1_Bla	FONA_1_Bla.177__FONA_1_Bla__FONA_1__768	FONA_1_Bla.177__FONA_1_Bla__FONA_2__769	FONA_1_Bla.177__FONA_1_Bla__FONA_3__770	FONA_1_Bla.177__FONA_1_Bla__FONA_4__771	FONA_1_Bla.177__FONA_1_Bla__FONA_5__772	FONA_1_Bla.177__FONA_1_Bla__FONA_6__773
FOX_1_Bla	FOX_1_Bla.94__FOX_1_Bla__FOX_10__462	FOX_1_Bla.94__FOX_1_Bla__FOX_1__453	FOX_1_Bla.94__FOX_1_Bla__FOX_2__454	FOX_1_Bla.94__FOX_1_Bla__FOX_3__455	FOX_1_Bla.94__FOX_1_Bla__FOX_4__456	FOX_1_Bla.94__FOX_1_Bla__FOX_5__457	FOX_1_Bla.94__FOX_1_Bla__FOX_6__458	FOX_1_Bla.94__FOX_1_Bla__FOX_7__459	FOX_1_Bla.94__FOX_1_Bla__FOX_8__460	FOX_1_Bla.94__FOX_1_Bla__FOX_9__461
FRI_Bla	FRI_Bla.488__FRI_Bla__FRI_1__1796	FRI_Bla.488__FRI_Bla__FRI_2__1797	FRI_Bla.488__FRI_Bla__FRI_3__1798
Far1_Fcd	Far1_Fcd.510__Far1_Fcd__Far1__1832
FexA_Phe	FexA_Phe.42__FexA_Phe__FexA__1675
FloR_Phe	FloR_Phe.66__FloR_Phe__FloR__1212
FosA2_Fcyn	FosA2_Fcyn.513__FosA2_Fcyn__FosA2__1735
FosA_Fcyn	FosA_Fcyn.459__FosA_Fcyn__FosA__751
FosB_Fcyn	FosB_Fcyn.458__FosB_Fcyn__FosB__750
FosC_Fcyn	FosC_Fcyn.403__FosC_Fcyn__FosC__590
FosX_Fcyn	FosX_Fcyn.512__FosX_Fcyn__FosX__1834
GES_Bla	GES_Bla.201__GES_Bla__GES_10__868	GES_Bla.201__GES_Bla__GES_11__869	GES_Bla.201__GES_Bla__GES_12__870	GES_Bla.201__GES_Bla__GES_13__871	GES_Bla.201__GES_Bla__GES_14__872	GES_Bla.201__GES_Bla__GES_15__873	GES_Bla.201__GES_Bla__GES_16__874	GES_Bla.201__GES_Bla__GES_17__875	GES_Bla.201__GES_Bla__GES_18__876	GES_Bla.201__GES_Bla__GES_19__877	GES_Bla.201__GES_Bla__GES_1__859	GES_Bla.201__GES_Bla__GES_20__878	GES_Bla.201__GES_Bla__GES_21__879	GES_Bla.201__GES_Bla__GES_22__880	GES_Bla.201__GES_Bla__GES_24__1709	GES_Bla.201__GES_Bla__GES_26__1710	GES_Bla.201__GES_Bla__GES_2__860	GES_Bla.201__GES_Bla__GES_3__861	GES_Bla.201__GES_Bla__GES_4__862	GES_Bla.201__GES_Bla__GES_5__863	GES_Bla.201__GES_Bla__GES_6__864	GES_Bla.201__GES_Bla__GES_9__867	GES_Bla.201__GES_Bla__IBC_2__866
GIM_1_Bla	GIM_1_Bla.313__GIM_1_Bla__GIM_1__1136	GIM_1_Bla.313__GIM_1_Bla__GIM_2__1744
GOB_16_Bla	GOB_16_Bla.197__GOB_16_Bla__GOB_16__89	GOB_16_Bla.197__GOB_16_Bla__GOB_17__90
GOB_1_Bla	GOB_1_Bla.188__GOB_1_Bla__GOB_10__821	GOB_1_Bla.188__GOB_1_Bla__GOB_11__822	GOB_1_Bla.188__GOB_1_Bla__GOB_12__823	GOB_1_Bla.188__GOB_1_Bla__GOB_13__824	GOB_1_Bla.188__GOB_1_Bla__GOB_14__825	GOB_1_Bla.188__GOB_1_Bla__GOB_15__826	GOB_1_Bla.188__GOB_1_Bla__GOB_18__827	GOB_1_Bla.188__GOB_1_Bla__GOB_1__812	GOB_1_Bla.188__GOB_1_Bla__GOB_8__819	GOB_1_Bla.188__GOB_1_Bla__GOB_9__820
HERA_1_Bla	HERA_1_Bla.196__HERA_1_Bla__HERA_1__91	HERA_1_Bla.196__HERA_1_Bla__HERA_2__92	HERA_1_Bla.196__HERA_1_Bla__HERA_3__93	HERA_1_Bla.196__HERA_1_Bla__HERA_4__94	HERA_1_Bla.196__HERA_1_Bla__HERA_5__95	HERA_1_Bla.196__HERA_1_Bla__HERA_6__96	HERA_1_Bla.196__HERA_1_Bla__HERA_8__98
HugA2_Bla	HugA2_Bla.169__HugA2_Bla__HugA__1242
HugA_Bla	HugA_Bla.3__HugA_Bla__HugA__1172
IMI_Bla	IMI_Bla.187__IMI_Bla__IMI_1__792	IMI_Bla.187__IMI_Bla__IMI_2__793	IMI_Bla.187__IMI_Bla__IMI_3__794	IMI_Bla.187__IMI_Bla__IMI_4__1706	IMI_Bla.187__IMI_Bla__IMI_7__1707	IMI_Bla.187__IMI_Bla__NMC_A__795
IMI_Bla_1	IMI_Bla.187__IMI_Bla__IMI_8__1708
IMP_1_Bla	IMP_1_Bla.318__IMP_1_Bla__IMP_13__1108	IMP_1_Bla.318__IMP_1_Bla__IMP_33__1125	IMP_1_Bla.318__IMP_1_Bla__IMP_37__1128
IMP_1_Bla_1	IMP_1_Bla.318__IMP_1_Bla__IMP_10__1106
IMP_1_Bla_2	IMP_1_Bla.318__IMP_1_Bla__IMP_14__1109	IMP_1_Bla.318__IMP_1_Bla__IMP_18__1112	IMP_1_Bla.318__IMP_1_Bla__IMP_1__1097	IMP_1_Bla.318__IMP_1_Bla__IMP_32__1124	IMP_1_Bla.318__IMP_1_Bla__IMP_49__1746
IMP_1_Bla_3	IMP_1_Bla.318__IMP_1_Bla__IMP_15__1110	IMP_1_Bla.318__IMP_1_Bla__IMP_19__1113	IMP_1_Bla.318__IMP_1_Bla__IMP_20__1114	IMP_1_Bla.318__IMP_1_Bla__IMP_24__1117	IMP_1_Bla.318__IMP_1_Bla__IMP_25__1118	IMP_1_Bla.318__IMP_1_Bla__IMP_28__1121	IMP_1_Bla.318__IMP_1_Bla__IMP_29__1122	IMP_1_Bla.318__IMP_1_Bla__IMP_2__1098	IMP_1_Bla.318__IMP_1_Bla__IMP_34__1126	IMP_1_Bla.318__IMP_1_Bla__IMP_39__1130	IMP_1_Bla.318__IMP_1_Bla__IMP_3__1099	IMP_1_Bla.318__IMP_1_Bla__IMP_40__1131	IMP_1_Bla.318__IMP_1_Bla__IMP_42__1133	IMP_1_Bla.318__IMP_1_Bla__IMP_43__1134	IMP_1_Bla.318__IMP_1_Bla__IMP_4__1100	IMP_1_Bla.318__IMP_1_Bla__IMP_51__1747	IMP_1_Bla.318__IMP_1_Bla__IMP_52__1748	IMP_1_Bla.318__IMP_1_Bla__IMP_5__1101	IMP_1_Bla.318__IMP_1_Bla__IMP_6__1102	IMP_1_Bla.318__IMP_1_Bla__IMP_7__1103	IMP_1_Bla.318__IMP_1_Bla__IMP_8__1104	IMP_1_Bla.318__IMP_1_Bla__IMP_9__1105
IMP_1_Bla_4	IMP_1_Bla.318__IMP_1_Bla__IMP_11__1107	IMP_1_Bla.318__IMP_1_Bla__IMP_16__1111	IMP_1_Bla.318__IMP_1_Bla__IMP_21__1115	IMP_1_Bla.318__IMP_1_Bla__IMP_22__1116	IMP_1_Bla.318__IMP_1_Bla__IMP_41__1132	IMP_1_Bla.318__IMP_1_Bla__IMP_44__1135
IMP_1_Bla_5	IMP_1_Bla.318__IMP_1_Bla__IMP_26__1119	IMP_1_Bla.318__IMP_1_Bla__IMP_30__1123
IMP_1_Bla_6	IMP_1_Bla.318__IMP_1_Bla__IMP_27__1120
IMP_1_Bla_7	IMP_1_Bla.318__IMP_1_Bla__IMP_35__1127
IND_1_Bla	IND_1_Bla.332__IND_1_Bla__IND_10__341	IND_1_Bla.332__IND_1_Bla__IND_8__339
IND_1_Bla_1	IND_1_Bla.332__IND_1_Bla__IND_14__342	IND_1_Bla.332__IND_1_Bla__IND_3__335
IND_1_Bla_2	IND_1_Bla.332__IND_1_Bla__IND_1__334	IND_1_Bla.332__IND_1_Bla__IND_7__338
IND_1_Bla_3	IND_1_Bla.332__IND_1_Bla__IND_5__336
IND_1_Bla_4	IND_1_Bla.332__IND_1_Bla__IND_6__337
IND_1_Bla_5	IND_1_Bla.332__IND_1_Bla__IND_9__340
IND_4_Bla	IND_4_Bla.329__IND_4_Bla__IND_4__858
IND_Bla	IND_Bla.327__IND_Bla__IND_11__849	IND_Bla.327__IND_Bla__IND_12__850	IND_Bla.327__IND_Bla__IND_13__846	IND_Bla.327__IND_Bla__IND_15__852	IND_Bla.327__IND_Bla__IND_2__845	IND_Bla.327__IND_Bla__IND_2b__847	IND_Bla.327__IND_Bla__IND_2c__848
IRI_Rif	IRI_Rif.475__IRI_Rif__IRI__1762
JOHN_1_Bla	JOHN_1_Bla.317__JOHN_1_Bla__JOHN_1__1140
KHM_1_Bla	KHM_1_Bla.331__KHM_1_Bla__KHM_1__331
KPC_1_Bla	KPC_1_Bla.184__KPC_1_Bla__KPC_10__805	KPC_1_Bla.184__KPC_1_Bla__KPC_11__806	KPC_1_Bla.184__KPC_1_Bla__KPC_12__807	KPC_1_Bla.184__KPC_1_Bla__KPC_13__808	KPC_1_Bla.184__KPC_1_Bla__KPC_14__809	KPC_1_Bla.184__KPC_1_Bla__KPC_15__810	KPC_1_Bla.184__KPC_1_Bla__KPC_16__1701	KPC_1_Bla.184__KPC_1_Bla__KPC_17__1702	KPC_1_Bla.184__KPC_1_Bla__KPC_19__1703	KPC_1_Bla.184__KPC_1_Bla__KPC_1__796	KPC_1_Bla.184__KPC_1_Bla__KPC_22__1704	KPC_1_Bla.184__KPC_1_Bla__KPC_24__1705	KPC_1_Bla.184__KPC_1_Bla__KPC_2__797	KPC_1_Bla.184__KPC_1_Bla__KPC_3__798	KPC_1_Bla.184__KPC_1_Bla__KPC_4__799	KPC_1_Bla.184__KPC_1_Bla__KPC_5__800	KPC_1_Bla.184__KPC_1_Bla__KPC_6__801	KPC_1_Bla.184__KPC_1_Bla__KPC_7__802	KPC_1_Bla.184__KPC_1_Bla__KPC_8__803
LAP_Bla	LAP_Bla.497__LAP_Bla__LAP_1__1814	LAP_Bla.497__LAP_Bla__LAP_2__1815
LCR_Bla	LCR_Bla.292__LCR_Bla__LCR_1__70	LCR_Bla.292__LCR_Bla__Nps1__69
L_1_Bla	L_1_Bla.176__L_1_Bla__L_1__774
LinB_MLS	LinB_MLS.267__LinB_MLS__LinB__1508	LinB_MLS.267__LinB_MLS__LnuB__1736
LmrA_MLS	LmrA_MLS.40__LmrA_MLS__LmrA__1685
LmrB_MLS	LmrB_MLS.224__LmrB_MLS__LmrB__1617	LmrB_MLS.224__LmrB_MLS__LmrB__1618
LnuA_MLS	LnuA_MLS.423__LnuA_MLS__LnuA__1573
LnuC_MLS	LnuC_MLS.419__LnuC_MLS__LnuC__1094
LnuD_MLS	LnuD_MLS.420__LnuD_MLS__LnuD__1572
LnuF_MLS	LnuF_MLS.249__LnuF_MLS__LnuF__747
LsaA_MLS	LsaA_MLS.33__LsaA_MLS__LsaA__298
LsaB_MLS	LsaB_MLS.34__LsaB_MLS__LsaB__306
LsaC_MLS	LsaC_MLS.35__LsaC_MLS__LsaC__305
Lut_1_Bla	Lut_1_Bla.172__Lut_1_Bla__Lut_1__780
MAL_CKO_Bla	MAL_CKO_Bla.160__MAL_CKO_Bla__CKO_1__1446	MAL_CKO_Bla.160__MAL_CKO_Bla__MAL_1__1445
MECA_Bla	MECA_Bla.4__MECA_Bla__MECA__1491
MEC_Bla	MEC_Bla.471__MEC_Bla__MEC_C__1758
MUS_1_Bla	MUS_1_Bla.320__MUS_1_Bla__MUS_1__842
Mbl_Bla	Mbl_Bla.337__Mbl_Bla__Mbl__329
Mcr1_Colistin	Mcr1_Colistin.467__Mcr1_Colistin__Mcr1_2__1750	Mcr1_Colistin.467__Mcr1_Colistin__Mcr1_3__1751	Mcr1_Colistin.467__Mcr1_Colistin__Mcr1_4__1752	Mcr1_Colistin.467__Mcr1_Colistin__Mcr1_5__1753	Mcr1_Colistin.467__Mcr1_Colistin__Mcr1_6__1754	Mcr1_Colistin.467__Mcr1_Colistin__Mcr1_7__1755	Mcr1_Colistin.467__Mcr1_Colistin__Mcr1__1835
Mcr2_Colistin	Mcr2_Colistin.468__Mcr2_Colistin__Mcr2__1836
Mcr3_Colistin	Mcr3_Colistin.473__Mcr3_Colistin__Mcr3__1760
Mcr4_Colistin	Mcr4_Colistin.474__Mcr4_Colistin__Mcr4__1761
MefA_MLS	MefA_MLS.64__MefA_MLS__MefA__1210
MefB_MLS	MefB_MLS.60__MefB_MLS__MefB__1203
MphA_MLS	MphA_MLS.158__MphA_MLS__MphA__1663
MphB_MLS	MphB_MLS.154__MphB_MLS__MphB__1639
MphC_MLS	MphC_MLS.167__MphC_MLS__MphC__1444
MphD_MLS	MphD_MLS.228__MphD_MLS__MphD__1613
MphE_MLS	MphE_MLS.183__MphE_MLS__MphE__788
MrdA_Bla	MrdA_Bla.16__MrdA_Bla__MrdA__836
MsrA_MLS	MsrA_MLS.38__MsrA_MLS__MsrA__297
MsrC_MLS	MsrC_MLS.36__MsrC_MLS__MsrC__304
MsrD_MLS	MsrD_MLS.39__MsrD_MLS__MsrD__296
MsrE_MLS	MsrE_MLS.37__MsrE_MLS__MsrE__303
NDM_1_Bla	NDM_1_Bla.257__NDM_1_Bla__NDM_10__1730	NDM_1_Bla.257__NDM_1_Bla__NDM_12__1731	NDM_1_Bla.257__NDM_1_Bla__NDM_13__1732	NDM_1_Bla.257__NDM_1_Bla__NDM_15__1733	NDM_1_Bla.257__NDM_1_Bla__NDM_16__1734	NDM_1_Bla.257__NDM_1_Bla__NDM_1__1220	NDM_1_Bla.257__NDM_1_Bla__NDM_2__1221	NDM_1_Bla.257__NDM_1_Bla__NDM_3__1222	NDM_1_Bla.257__NDM_1_Bla__NDM_4__1223	NDM_1_Bla.257__NDM_1_Bla__NDM_5__1224	NDM_1_Bla.257__NDM_1_Bla__NDM_6__1225	NDM_1_Bla.257__NDM_1_Bla__NDM_7__1226	NDM_1_Bla.257__NDM_1_Bla__NDM_8__1227	NDM_1_Bla.257__NDM_1_Bla__NDM_9__1729
NimB_Nitroimidazole_Gene_Ntmdz	NimB_Nitroimidazole_Gene_Ntmdz.511__NimB_Nitroimidazole_Gene_Ntmdz__NimB_Nitroimidazole_Gene__1833
NorA_Flq	NorA_Flq.84__NorA_Flq__NorA__638
NpmA_AGly	NpmA_AGly.349__NpmA_AGly__NpmA__61
OCH_2_Bla	OCH_2_Bla.83__OCH_2_Bla__OCH_2__625	OCH_2_Bla.83__OCH_2_Bla__OCH_3__626	OCH_2_Bla.83__OCH_2_Bla__OCH_4__627	OCH_2_Bla.83__OCH_2_Bla__OCH_5__628	OCH_2_Bla.83__OCH_2_Bla__OCH_6__629	OCH_2_Bla.83__OCH_2_Bla__OCH_7__630	OCH_2_Bla.83__OCH_2_Bla__OCH_8__631
ORN_PLA_Bla	ORN_PLA_Bla.492__ORN_PLA_Bla__ORN1a__1805	ORN_PLA_Bla.492__ORN_PLA_Bla__ORN1b__1806	ORN_PLA_Bla.492__ORN_PLA_Bla__PLA1a__1807	ORN_PLA_Bla.492__ORN_PLA_Bla__PLA2a__1808
OXA_114_Bla	OXA_114_Bla.237__OXA_114_Bla__OXA_114__516
OXA_114_Bla_1	OXA_114_Bla.237__OXA_114_Bla__OXA_243a__517
OXA_114_Bla_2	OXA_114_Bla.237__OXA_114_Bla__OXA_258__518
OXA_12_Bla	OXA_12_Bla.282__OXA_12_Bla__OXA_12__1495
OXA_18_Bla	OXA_18_Bla.235__OXA_18_Bla__OXA_18__503
OXA_198_Bla	OXA_198_Bla.288__OXA_198_Bla__OXA_198__1490
OXA_1_Bla	OXA_1_Bla.231__OXA_1_Bla__OXA_1__520	OXA_1_Bla.231__OXA_1_Bla__OXA_224__525	OXA_1_Bla.231__OXA_1_Bla__OXA_31__523	OXA_1_Bla.231__OXA_1_Bla__OXA_320__526	OXA_1_Bla.231__OXA_1_Bla__OXA_47__524	OXA_1_Bla.231__OXA_1_Bla__OXA_4__521
OXA_209_Bla	OXA_209_Bla.244__OXA_209_Bla__OXA_209__644
OXA_209_Bla_1	OXA_209_Bla.244__OXA_209_Bla__OXA_347__645
OXA_20_Bla	OXA_20_Bla.270__OXA_20_Bla__OXA_20__218	OXA_20_Bla.270__OXA_20_Bla__OXA_37__219
OXA_211_Bla	OXA_211_Bla.245__OXA_211_Bla__OXA_211__641	OXA_211_Bla.245__OXA_211_Bla__OXA_212__642	OXA_211_Bla.245__OXA_211_Bla__OXA_309__643
OXA_213_Bla	OXA_213_Bla.248__OXA_213_Bla__OXA_213__748
OXA_214_Bla	OXA_214_Bla.238__OXA_214_Bla__OXA_214__486	OXA_214_Bla.238__OXA_214_Bla__OXA_215__1727
OXA_228_Bla	OXA_228_Bla.232__OXA_228_Bla__OXA_228__527	OXA_228_Bla.232__OXA_228_Bla__OXA_229__528	OXA_228_Bla.232__OXA_228_Bla__OXA_230__529
OXA_22_Bla	OXA_22_Bla.241__OXA_22_Bla__OXA_22__648
OXA_237_Bla	OXA_237_Bla.233__OXA_237_Bla__OXA_235__532	OXA_237_Bla.233__OXA_237_Bla__OXA_236__531	OXA_237_Bla.233__OXA_237_Bla__OXA_237__530	OXA_237_Bla.233__OXA_237_Bla__OXA_278__533
OXA_23_Bla	OXA_23_Bla.242__OXA_23_Bla__OXA_133__735	OXA_23_Bla.242__OXA_23_Bla__OXA_134__736	OXA_23_Bla.242__OXA_23_Bla__OXA_146__737	OXA_23_Bla.242__OXA_23_Bla__OXA_165__738	OXA_23_Bla.242__OXA_23_Bla__OXA_166__739	OXA_23_Bla.242__OXA_23_Bla__OXA_167__740	OXA_23_Bla.242__OXA_23_Bla__OXA_168__741	OXA_23_Bla.242__OXA_23_Bla__OXA_169__742	OXA_23_Bla.242__OXA_23_Bla__OXA_170__743	OXA_23_Bla.242__OXA_23_Bla__OXA_171__744	OXA_23_Bla.242__OXA_23_Bla__OXA_225__745	OXA_23_Bla.242__OXA_23_Bla__OXA_239__746	OXA_23_Bla.242__OXA_23_Bla__OXA_23__731	OXA_23_Bla.242__OXA_23_Bla__OXA_27__732	OXA_23_Bla.242__OXA_23_Bla__OXA_49__733	OXA_23_Bla.242__OXA_23_Bla__OXA_73__734
OXA_24_Bla	OXA_24_Bla.236__OXA_24_Bla__OXA_139__510	OXA_24_Bla.236__OXA_24_Bla__OXA_160__512	OXA_24_Bla.236__OXA_24_Bla__OXA_207__514	OXA_24_Bla.236__OXA_24_Bla__OXA_24__504	OXA_24_Bla.236__OXA_24_Bla__OXA_25__505	OXA_24_Bla.236__OXA_24_Bla__OXA_26__506	OXA_24_Bla.236__OXA_24_Bla__OXA_72__509
OXA_24_Bla_1	OXA_24_Bla.236__OXA_24_Bla__OXA_143__511	OXA_24_Bla.236__OXA_24_Bla__OXA_182__513	OXA_24_Bla.236__OXA_24_Bla__OXA_231__515
OXA_29_Bla	OXA_29_Bla.271__OXA_29_Bla__OXA_29__220
OXA_2_Bla	OXA_2_Bla.234__OXA_2_Bla__OXA_141__499	OXA_2_Bla.234__OXA_2_Bla__OXA_15__490	OXA_2_Bla.234__OXA_2_Bla__OXA_161__500	OXA_2_Bla.234__OXA_2_Bla__OXA_210__502	OXA_2_Bla.234__OXA_2_Bla__OXA_21__491	OXA_2_Bla.234__OXA_2_Bla__OXA_2__488	OXA_2_Bla.234__OXA_2_Bla__OXA_32__492	OXA_2_Bla.234__OXA_2_Bla__OXA_3__489
OXA_2_Bla_1	OXA_2_Bla.234__OXA_2_Bla__OXA_53__496
OXA_2_Bla_2	OXA_2_Bla.234__OXA_2_Bla__OXA_118__497	OXA_2_Bla.234__OXA_2_Bla__OXA_119__498	OXA_2_Bla.234__OXA_2_Bla__OXA_205__501	OXA_2_Bla.234__OXA_2_Bla__OXA_46__495
OXA_372_Bla	OXA_372_Bla.503__OXA_372_Bla__OXA_372__1821
OXA_42_Bla	OXA_42_Bla.259__OXA_42_Bla__OXA_42__1206	OXA_42_Bla.259__OXA_42_Bla__OXA_43__1207	OXA_42_Bla.259__OXA_42_Bla__OXA_57__1208	OXA_42_Bla.259__OXA_42_Bla__OXA_59__1209
OXA_45_Bla	OXA_45_Bla.283__OXA_45_Bla__OXA_45__1494
OXA_48_Bla	OXA_48_Bla.275__OXA_48_Bla__OXA_162__260	OXA_48_Bla.275__OXA_48_Bla__OXA_163__261	OXA_48_Bla.275__OXA_48_Bla__OXA_181__262	OXA_48_Bla.275__OXA_48_Bla__OXA_204__263	OXA_48_Bla.275__OXA_48_Bla__OXA_244__264	OXA_48_Bla.275__OXA_48_Bla__OXA_245__265	OXA_48_Bla.275__OXA_48_Bla__OXA_247__266	OXA_48_Bla.275__OXA_48_Bla__OXA_48__258
OXA_48_Bla_1	OXA_48_Bla.275__OXA_48_Bla__OXA_54__259
OXA_50_Bla	OXA_50_Bla.287__OXA_50_Bla__OXA_50__1499
OXA_51_Bla	OXA_51_Bla.243__OXA_51_Bla__OXA_100__680	OXA_51_Bla.243__OXA_51_Bla__OXA_106__681	OXA_51_Bla.243__OXA_51_Bla__OXA_107__682	OXA_51_Bla.243__OXA_51_Bla__OXA_108__683	OXA_51_Bla.243__OXA_51_Bla__OXA_109__684	OXA_51_Bla.243__OXA_51_Bla__OXA_110__685	OXA_51_Bla.243__OXA_51_Bla__OXA_111__686	OXA_51_Bla.243__OXA_51_Bla__OXA_112__687	OXA_51_Bla.243__OXA_51_Bla__OXA_113__688	OXA_51_Bla.243__OXA_51_Bla__OXA_115__689	OXA_51_Bla.243__OXA_51_Bla__OXA_117__691	OXA_51_Bla.243__OXA_51_Bla__OXA_120__692	OXA_51_Bla.243__OXA_51_Bla__OXA_128__693	OXA_51_Bla.243__OXA_51_Bla__OXA_130__694	OXA_51_Bla.243__OXA_51_Bla__OXA_131__695	OXA_51_Bla.243__OXA_51_Bla__OXA_132__696	OXA_51_Bla.243__OXA_51_Bla__OXA_138__697	OXA_51_Bla.243__OXA_51_Bla__OXA_144__698	OXA_51_Bla.243__OXA_51_Bla__OXA_148__699	OXA_51_Bla.243__OXA_51_Bla__OXA_149__700	OXA_51_Bla.243__OXA_51_Bla__OXA_150__701	OXA_51_Bla.243__OXA_51_Bla__OXA_172__702	OXA_51_Bla.243__OXA_51_Bla__OXA_173__703	OXA_51_Bla.243__OXA_51_Bla__OXA_174__704	OXA_51_Bla.243__OXA_51_Bla__OXA_175__705	OXA_51_Bla.243__OXA_51_Bla__OXA_176__706	OXA_51_Bla.243__OXA_51_Bla__OXA_177__707	OXA_51_Bla.243__OXA_51_Bla__OXA_178__708	OXA_51_Bla.243__OXA_51_Bla__OXA_179__709	OXA_51_Bla.243__OXA_51_Bla__OXA_180__710	OXA_51_Bla.243__OXA_51_Bla__OXA_199__715	OXA_51_Bla.243__OXA_51_Bla__OXA_200__716	OXA_51_Bla.243__OXA_51_Bla__OXA_201__717	OXA_51_Bla.243__OXA_51_Bla__OXA_202__718	OXA_51_Bla.243__OXA_51_Bla__OXA_203__719	OXA_51_Bla.243__OXA_51_Bla__OXA_206__720	OXA_51_Bla.243__OXA_51_Bla__OXA_208__721	OXA_51_Bla.243__OXA_51_Bla__OXA_216__722	OXA_51_Bla.243__OXA_51_Bla__OXA_217__723	OXA_51_Bla.243__OXA_51_Bla__OXA_219__724	OXA_51_Bla.243__OXA_51_Bla__OXA_223__725	OXA_51_Bla.243__OXA_51_Bla__OXA_241__726	OXA_51_Bla.243__OXA_51_Bla__OXA_242__727	OXA_51_Bla.243__OXA_51_Bla__OXA_248__728	OXA_51_Bla.243__OXA_51_Bla__OXA_249__729	OXA_51_Bla.243__OXA_51_Bla__OXA_250__730	OXA_51_Bla.243__OXA_51_Bla__OXA_51__650	OXA_51_Bla.243__OXA_51_Bla__OXA_64__651	OXA_51_Bla.243__OXA_51_Bla__OXA_65__652	OXA_51_Bla.243__OXA_51_Bla__OXA_66__653	OXA_51_Bla.243__OXA_51_Bla__OXA_67__654	OXA_51_Bla.243__OXA_51_Bla__OXA_68__655	OXA_51_Bla.243__OXA_51_Bla__OXA_69__656	OXA_51_Bla.243__OXA_51_Bla__OXA_70__657	OXA_51_Bla.243__OXA_51_Bla__OXA_71__658	OXA_51_Bla.243__OXA_51_Bla__OXA_75__659	OXA_51_Bla.243__OXA_51_Bla__OXA_76__660	OXA_51_Bla.243__OXA_51_Bla__OXA_77__661	OXA_51_Bla.243__OXA_51_Bla__OXA_78__662	OXA_51_Bla.243__OXA_51_Bla__OXA_79__663	OXA_51_Bla.243__OXA_51_Bla__OXA_80__664	OXA_51_Bla.243__OXA_51_Bla__OXA_82__665	OXA_51_Bla.243__OXA_51_Bla__OXA_83__666	OXA_51_Bla.243__OXA_51_Bla__OXA_84__667	OXA_51_Bla.243__OXA_51_Bla__OXA_86__668	OXA_51_Bla.243__OXA_51_Bla__OXA_87__669	OXA_51_Bla.243__OXA_51_Bla__OXA_88__670	OXA_51_Bla.243__OXA_51_Bla__OXA_89__671	OXA_51_Bla.243__OXA_51_Bla__OXA_90__672	OXA_51_Bla.243__OXA_51_Bla__OXA_91__673	OXA_51_Bla.243__OXA_51_Bla__OXA_92__674	OXA_51_Bla.243__OXA_51_Bla__OXA_93__675	OXA_51_Bla.243__OXA_51_Bla__OXA_94__676	OXA_51_Bla.243__OXA_51_Bla__OXA_95__677	OXA_51_Bla.243__OXA_51_Bla__OXA_98__678	OXA_51_Bla.243__OXA_51_Bla__OXA_99__679
OXA_55_Bla	OXA_55_Bla.198__OXA_55_Bla__OXA_55__75
OXA_58_Bla	OXA_58_Bla.220__OXA_58_Bla__OXA_164__1626	OXA_58_Bla.220__OXA_58_Bla__OXA_58__1623	OXA_58_Bla.220__OXA_58_Bla__OXA_96__1624	OXA_58_Bla.220__OXA_58_Bla__OXA_97__1625
OXA_5_Bla	OXA_5_Bla.266__OXA_5_Bla__OXA_129__1510	OXA_5_Bla.266__OXA_5_Bla__OXA_5__1509
OXA_60_Bla	OXA_60_Bla.254__OXA_60_Bla__OXA_60__1228
OXA_61_Bla	OXA_61_Bla.502__OXA_61_Bla__OXA_61__1820
OXA_62_Bla	OXA_62_Bla.207__OXA_62_Bla__OXA_62__1039
OXA_63_Bla	OXA_63_Bla.260__OXA_63_Bla__OXA_136__1505	OXA_63_Bla.260__OXA_63_Bla__OXA_137__1506	OXA_63_Bla.260__OXA_63_Bla__OXA_192__1507	OXA_63_Bla.260__OXA_63_Bla__OXA_63__1504
OXA_7_Bla	OXA_7_Bla.269__OXA_7_Bla__OXA_101__1526	OXA_7_Bla.269__OXA_7_Bla__OXA_10__1515	OXA_7_Bla.269__OXA_7_Bla__OXA_11__1516	OXA_7_Bla.269__OXA_7_Bla__OXA_13__1517	OXA_7_Bla.269__OXA_7_Bla__OXA_142__1527	OXA_7_Bla.269__OXA_7_Bla__OXA_145__1528	OXA_7_Bla.269__OXA_7_Bla__OXA_147__1529	OXA_7_Bla.269__OXA_7_Bla__OXA_14__1518	OXA_7_Bla.269__OXA_7_Bla__OXA_16__1519	OXA_7_Bla.269__OXA_7_Bla__OXA_17__1520	OXA_7_Bla.269__OXA_7_Bla__OXA_183__1530	OXA_7_Bla.269__OXA_7_Bla__OXA_19__1521	OXA_7_Bla.269__OXA_7_Bla__OXA_240__1531	OXA_7_Bla.269__OXA_7_Bla__OXA_251__1532	OXA_7_Bla.269__OXA_7_Bla__OXA_256__1533	OXA_7_Bla.269__OXA_7_Bla__OXA_28__1522	OXA_7_Bla.269__OXA_7_Bla__OXA_35__1523	OXA_7_Bla.269__OXA_7_Bla__OXA_56__1524	OXA_7_Bla.269__OXA_7_Bla__OXA_74__1525	OXA_7_Bla.269__OXA_7_Bla__OXA_7__1514
OXA_85_Bla	OXA_85_Bla.304__OXA_85_Bla__OXA_85__1593
OXA_9_Bla	OXA_9_Bla.223__OXA_9_Bla__OXA_9__1619
OXY_Bla	OXY_Bla.192__OXY_Bla__OXY1_1__194	OXY_Bla.192__OXY_Bla__OXY1_2__195	OXY_Bla.192__OXY_Bla__OXY1_3__196	OXY_Bla.192__OXY_Bla__OXY1_4__197	OXY_Bla.192__OXY_Bla__OXY1_5__198	OXY_Bla.192__OXY_Bla__OXY1a__199	OXY_Bla.192__OXY_Bla__OXY4_1__211	OXY_Bla.192__OXY_Bla__OXY5_1__212	OXY_Bla.192__OXY_Bla__OXY5_2__213	OXY_Bla.192__OXY_Bla__OXY6_1__214	OXY_Bla.192__OXY_Bla__OXY6_2__215	OXY_Bla.192__OXY_Bla__OXY6_3__216	OXY_Bla.192__OXY_Bla__OXY6_4__217
OXY_Bla_1	OXY_Bla.192__OXY_Bla__OXY2_10__209	OXY_Bla.192__OXY_Bla__OXY2_1__200	OXY_Bla.192__OXY_Bla__OXY2_2__201	OXY_Bla.192__OXY_Bla__OXY2_3__202	OXY_Bla.192__OXY_Bla__OXY2_4__203	OXY_Bla.192__OXY_Bla__OXY2_5__204	OXY_Bla.192__OXY_Bla__OXY2_6__205	OXY_Bla.192__OXY_Bla__OXY2_7__206	OXY_Bla.192__OXY_Bla__OXY2_8__207	OXY_Bla.192__OXY_Bla__OXY2_9__208
OXY_Bla_2	OXY_Bla.192__OXY_Bla__OXY3_1__210
OleB_MLS	OleB_MLS.18__OleB_MLS__OleB__838
OleC_MLS	OleC_MLS.132__OleC_MLS__OleC__553
OptrA_Oxzln	OptrA_Oxzln.472__OptrA_Oxzln__OptrA__1759
OqxA_Flq	OqxA_Flq.77__OqxA_Flq__OqxA__1044
OqxB_Flq	OqxB_Flq.0__OqxB_Flq__OqxB__49
OtrA_Tet	OtrA_Tet.5__OtrA_Tet__OtrA__1687
OtrB_Tet	OtrB_Tet.19__OtrB_Tet__OtrB__837
OtrC_Tet	OtrC_Tet.111__OtrC_Tet__OtrC__1555
PBP1a_Bla	PBP1a_Bla.470__PBP1a_Bla__PBP1a__1757
PBP1b_Bla	PBP1b_Bla.469__PBP1b_Bla__PBP1b__1756
PER_1_Bla	PER_1_Bla.143__PER_1_Bla__PER_1__542	PER_1_Bla.143__PER_1_Bla__PER_3__544	PER_1_Bla.143__PER_1_Bla__PER_4__545	PER_1_Bla.143__PER_1_Bla__PER_7__547	PER_1_Bla.143__PER_1_Bla__PER_8__1158
PER_1_Bla_1	PER_1_Bla.143__PER_1_Bla__PER_2__543
PER_6_Bla	PER_6_Bla.144__PER_6_Bla__PER_6__539
PME_1_Bla	PME_1_Bla.142__PME_1_Bla__PME_1__541
POM_Bla	POM_Bla.496__POM_Bla__POM_1__1813
Pam_Bla	Pam_Bla.495__Pam_Bla__Pam_1__1812
PenA_Bla	PenA_Bla.17__PenA_Bla__PenA__835
PexA_Phe	PexA_Phe.58__PexA_Phe__PexA__1536
QepA_Flq	QepA_Flq.32__QepA_Flq__QepA2__300	QepA_Flq.32__QepA_Flq__QepA__299
QnrB_Flq	QnrB_Flq.344__QnrB_Flq__QnrB10__2	QnrB_Flq.344__QnrB_Flq__QnrB13__5	QnrB_Flq.344__QnrB_Flq__QnrB14__6	QnrB_Flq.344__QnrB_Flq__QnrB15__7	QnrB_Flq.344__QnrB_Flq__QnrB17__8	QnrB_Flq.344__QnrB_Flq__QnrB18__9	QnrB_Flq.344__QnrB_Flq__QnrB19__10	QnrB_Flq.344__QnrB_Flq__QnrB1__1	QnrB_Flq.344__QnrB_Flq__QnrB20__12	QnrB_Flq.344__QnrB_Flq__QnrB23__15	QnrB_Flq.344__QnrB_Flq__QnrB24__16	QnrB_Flq.344__QnrB_Flq__QnrB26__18	QnrB_Flq.344__QnrB_Flq__QnrB29__21	QnrB_Flq.344__QnrB_Flq__QnrB30__23	QnrB_Flq.344__QnrB_Flq__QnrB32__25	QnrB_Flq.344__QnrB_Flq__QnrB36__29	QnrB_Flq.344__QnrB_Flq__QnrB3__22	QnrB_Flq.344__QnrB_Flq__QnrB42__35	QnrB_Flq.344__QnrB_Flq__QnrB48__41	QnrB_Flq.344__QnrB_Flq__QnrB49__42	QnrB_Flq.344__QnrB_Flq__QnrB5__44	QnrB_Flq.344__QnrB_Flq__QnrB6__45	QnrB_Flq.344__QnrB_Flq__QnrB72__1749	QnrB_Flq.344__QnrB_Flq__QnrB7__46
QnrB_Flq_1	QnrB_Flq.344__QnrB_Flq__QnrB2__11	QnrB_Flq.344__QnrB_Flq__QnrB31__24	QnrB_Flq.344__QnrB_Flq__QnrB53__43
QnrB_Flq_2	QnrB_Flq.344__QnrB_Flq__QnrB12__4	QnrB_Flq.344__QnrB_Flq__QnrB22__14	QnrB_Flq.344__QnrB_Flq__QnrB34__27	QnrB_Flq.344__QnrB_Flq__QnrB37__30	QnrB_Flq.344__QnrB_Flq__QnrB4__32	QnrB_Flq.344__QnrB_Flq__QnrB9__3
QnrB_Flq_3	QnrB_Flq.344__QnrB_Flq__QnrB21__13	QnrB_Flq.344__QnrB_Flq__QnrB25__17	QnrB_Flq.344__QnrB_Flq__QnrB27__19	QnrB_Flq.344__QnrB_Flq__QnrB28__20	QnrB_Flq.344__QnrB_Flq__QnrB33__26	QnrB_Flq.344__QnrB_Flq__QnrB35__28	QnrB_Flq.344__QnrB_Flq__QnrB38__31	QnrB_Flq.344__QnrB_Flq__QnrB8__47
QnrC_Flq	QnrC_Flq.346__QnrC_Flq__QnrC__50
QnrD_Flq	QnrD_Flq.361__QnrD_Flq__QnrD__1187
QnrVC1_Flq	QnrVC1_Flq.508__QnrVC1_Flq__QnrVC1__1827	QnrVC1_Flq.508__QnrVC1_Flq__QnrVC6__1828
QnrVC5_Flq	QnrVC5_Flq.509__QnrVC5_Flq__QnrVC4__1830	QnrVC5_Flq.509__QnrVC5_Flq__QnrVC5__1829	QnrVC5_Flq.509__QnrVC5_Flq__QnrVC7__1831
Qnr_AS_Flq	Qnr_AS_Flq.356__Qnr_AS_Flq__Qnr_AS__1460
Qnr_A_Flq	Qnr_A_Flq.355__Qnr_A_Flq__QnrA3__1463	Qnr_A_Flq.355__Qnr_A_Flq__QnrA4__1464	Qnr_A_Flq.355__Qnr_A_Flq__QnrA5__1465	Qnr_A_Flq.355__Qnr_A_Flq__QnrA6__1466	Qnr_A_Flq.355__Qnr_A_Flq__QnrA7__1467	Qnr_A_Flq.355__Qnr_A_Flq__Qnr_A1__1461	Qnr_A_Flq.355__Qnr_A_Flq__Qnr_A2__1462
Qnr_S_Flq	Qnr_S_Flq.357__Qnr_S_Flq__QnrS2__1456
Qnr_S_Flq_1	Qnr_S_Flq.357__Qnr_S_Flq__QnrS__1458	Qnr_S_Flq.357__Qnr_S_Flq__Qnr_S1__1455	Qnr_S_Flq.357__Qnr_S_Flq__Qnr_S5__1459
RAHN_1_Bla	RAHN_1_Bla.175__RAHN_1_Bla__RAHN_1__775
RAHN_1_Bla_1	RAHN_1_Bla.175__RAHN_1_Bla__RAHN_2__776
ROB_1_Bla	ROB_1_Bla.149__ROB_1_Bla__ROB_1__551
Rif_Rif	Rif_Rif.24__Rif_Rif__Rif__575
RmtA_AGly	RmtA_AGly.308__RmtA_AGly__RmtA__1579
RmtB_AGly	RmtB_AGly.309__RmtB_AGly__RmtB2__1743	RmtB_AGly.309__RmtB_AGly__RmtB__1580
RmtC_AGly	RmtC_AGly.215__RmtC_AGly__RmtC__1479
RmtD_AGly	RmtD_AGly.319__RmtD_AGly__RmtD2__1096	RmtD_AGly.319__RmtD_AGly__RmtD__1095
RmtE_AGly	RmtE_AGly.246__RmtE_AGly__RmtE__647
RmtF_AGly	RmtF_AGly.295__RmtF_AGly__RmtF__68
RmtG_AGly	RmtG_AGly.280__RmtG_AGly__RmtG__1493
RmtH_AGly	RmtH_AGly.306__RmtH_AGly__RmtH__1595
SCO_1_Bla	SCO_1_Bla.200__SCO_1_Bla__SCO_1__881
SED_1_Bla	SED_1_Bla.174__SED_1_Bla__SED_1__777
SFB_Bla	SFB_Bla.507__SFB_Bla__SFB_1__1826
SFC_Bla	SFC_Bla.484__SFC_Bla__SFC_1__1792
SFH_Bla	SFH_Bla.504__SFH_Bla__SFH_1__1822
SFO_1_Bla	SFO_1_Bla.191__SFO_1_Bla__SFO_1__99
SHV_OKP_LEN_Bla	SHV_OKP_LEN_Bla.164__SHV_OKP_LEN_Bla__SHV_100__1362	SHV_OKP_LEN_Bla.164__SHV_OKP_LEN_Bla__SHV_106__1368	SHV_OKP_LEN_Bla.164__SHV_OKP_LEN_Bla__SHV_107__1369	SHV_OKP_LEN_Bla.164__SHV_OKP_LEN_Bla__SHV_110__1372	SHV_OKP_LEN_Bla.164__SHV_OKP_LEN_Bla__SHV_11__1287	SHV_OKP_LEN_Bla.164__SHV_OKP_LEN_Bla__SHV_137__1383	SHV_OKP_LEN_Bla.164__SHV_OKP_LEN_Bla__SHV_156__1399	SHV_OKP_LEN_Bla.164__SHV_OKP_LEN_Bla__SHV_16__1292	SHV_OKP_LEN_Bla.164__SHV_OKP_LEN_Bla__SHV_173__1215	SHV_OKP_LEN_Bla.164__SHV_OKP_LEN_Bla__SHV_182__1423	SHV_OKP_LEN_Bla.164__SHV_OKP_LEN_Bla__SHV_183__1447	SHV_OKP_LEN_Bla.164__SHV_OKP_LEN_Bla__SHV_187__1549	SHV_OKP_LEN_Bla.164__SHV_OKP_LEN_Bla__SHV_188__1557	SHV_OKP_LEN_Bla.164__SHV_OKP_LEN_Bla__SHV_191__1632	SHV_OKP_LEN_Bla.164__SHV_OKP_LEN_Bla__SHV_27__1297	SHV_OKP_LEN_Bla.164__SHV_OKP_LEN_Bla__SHV_28__1298	SHV_OKP_LEN_Bla.164__SHV_OKP_LEN_Bla__SHV_32__1302	SHV_OKP_LEN_Bla.164__SHV_OKP_LEN_Bla__SHV_43__1313	SHV_OKP_LEN_Bla.164__SHV_OKP_LEN_Bla__SHV_51__1320	SHV_OKP_LEN_Bla.164__SHV_OKP_LEN_Bla__SHV_67__1334	SHV_OKP_LEN_Bla.164__SHV_OKP_LEN_Bla__SHV_71__1337	SHV_OKP_LEN_Bla.164__SHV_OKP_LEN_Bla__SHV_74__1340	SHV_OKP_LEN_Bla.164__SHV_OKP_LEN_Bla__SHV_75__1341	SHV_OKP_LEN_Bla.164__SHV_OKP_LEN_Bla__SHV_77__1343	SHV_OKP_LEN_Bla.164__SHV_OKP_LEN_Bla__SHV_81__1347	SHV_OKP_LEN_Bla.164__SHV_OKP_LEN_Bla__SHV_93__1355	SHV_OKP_LEN_Bla.164__SHV_OKP_LEN_Bla__SHV_99__1361
SHV_OKP_LEN_Bla_1	SHV_OKP_LEN_Bla.164__SHV_OKP_LEN_Bla__LEN_15__1424	SHV_OKP_LEN_Bla.164__SHV_OKP_LEN_Bla__LEN_16__1425	SHV_OKP_LEN_Bla.164__SHV_OKP_LEN_Bla__LEN_17__1426	SHV_OKP_LEN_Bla.164__SHV_OKP_LEN_Bla__LEN_18__1427	SHV_OKP_LEN_Bla.164__SHV_OKP_LEN_Bla__LEN_19__1428	SHV_OKP_LEN_Bla.164__SHV_OKP_LEN_Bla__LEN_1__1410	SHV_OKP_LEN_Bla.164__SHV_OKP_LEN_Bla__LEN_20__1429	SHV_OKP_LEN_Bla.164__SHV_OKP_LEN_Bla__LEN_21__1430	SHV_OKP_LEN_Bla.164__SHV_OKP_LEN_Bla__LEN_22__1431	SHV_OKP_LEN_Bla.164__SHV_OKP_LEN_Bla__LEN_23__1432	SHV_OKP_LEN_Bla.164__SHV_OKP_LEN_Bla__LEN_25__1434	SHV_OKP_LEN_Bla.164__SHV_OKP_LEN_Bla__LEN_26__1690	SHV_OKP_LEN_Bla.164__SHV_OKP_LEN_Bla__LEN_2__1411	SHV_OKP_LEN_Bla.164__SHV_OKP_LEN_Bla__LEN_35__1691	SHV_OKP_LEN_Bla.164__SHV_OKP_LEN_Bla__LEN_36__1692	SHV_OKP_LEN_Bla.164__SHV_OKP_LEN_Bla__LEN_37__1693	SHV_OKP_LEN_Bla.164__SHV_OKP_LEN_Bla__LEN_5__1414	SHV_OKP_LEN_Bla.164__SHV_OKP_LEN_Bla__SHV2A_kp__1281	SHV_OKP_LEN_Bla.164__SHV_OKP_LEN_Bla__SHV_101__1363	SHV_OKP_LEN_Bla.164__SHV_OKP_LEN_Bla__SHV_102__1364	SHV_OKP_LEN_Bla.164__SHV_OKP_LEN_Bla__SHV_103__1365	SHV_OKP_LEN_Bla.164__SHV_OKP_LEN_Bla__SHV_104__1366	SHV_OKP_LEN_Bla.164__SHV_OKP_LEN_Bla__SHV_105__1367	SHV_OKP_LEN_Bla.164__SHV_OKP_LEN_Bla__SHV_108__1370	SHV_OKP_LEN_Bla.164__SHV_OKP_LEN_Bla__SHV_109__1371	SHV_OKP_LEN_Bla.164__SHV_OKP_LEN_Bla__SHV_120__1373	SHV_OKP_LEN_Bla.164__SHV_OKP_LEN_Bla__SHV_121__1374	SHV_OKP_LEN_Bla.164__SHV_OKP_LEN_Bla__SHV_128__1376	SHV_OKP_LEN_Bla.164__SHV_OKP_LEN_Bla__SHV_12__1288	SHV_OKP_LEN_Bla.164__SHV_OKP_LEN_Bla__SHV_132__1378	SHV_OKP_LEN_Bla.164__SHV_OKP_LEN_Bla__SHV_133__1379	SHV_OKP_LEN_Bla.164__SHV_OKP_LEN_Bla__SHV_134__1380	SHV_OKP_LEN_Bla.164__SHV_OKP_LEN_Bla__SHV_135__1381	SHV_OKP_LEN_Bla.164__SHV_OKP_LEN_Bla__SHV_13__1289	SHV_OKP_LEN_Bla.164__SHV_OKP_LEN_Bla__SHV_141__1385	SHV_OKP_LEN_Bla.164__SHV_OKP_LEN_Bla__SHV_142__1386	SHV_OKP_LEN_Bla.164__SHV_OKP_LEN_Bla__SHV_143__1387	SHV_OKP_LEN_Bla.164__SHV_OKP_LEN_Bla__SHV_144__1388	SHV_OKP_LEN_Bla.164__SHV_OKP_LEN_Bla__SHV_145__1389	SHV_OKP_LEN_Bla.164__SHV_OKP_LEN_Bla__SHV_14__1290	SHV_OKP_LEN_Bla.164__SHV_OKP_LEN_Bla__SHV_157__1400	SHV_OKP_LEN_Bla.164__SHV_OKP_LEN_Bla__SHV_15__1291	SHV_OKP_LEN_Bla.164__SHV_OKP_LEN_Bla__SHV_160__1403	SHV_OKP_LEN_Bla.164__SHV_OKP_LEN_Bla__SHV_161__1404	SHV_OKP_LEN_Bla.164__SHV_OKP_LEN_Bla__SHV_168__1409	SHV_OKP_LEN_Bla.164__SHV_OKP_LEN_Bla__SHV_172__1201	SHV_OKP_LEN_Bla.164__SHV_OKP_LEN_Bla__SHV_178__1349	SHV_OKP_LEN_Bla.164__SHV_OKP_LEN_Bla__SHV_179__1377	SHV_OKP_LEN_Bla.164__SHV_OKP_LEN_Bla__SHV_181__1382	SHV_OKP_LEN_Bla.164__SHV_OKP_LEN_Bla__SHV_185__1474	SHV_OKP_LEN_Bla.164__SHV_OKP_LEN_Bla__SHV_186__1487	SHV_OKP_LEN_Bla.164__SHV_OKP_LEN_Bla__SHV_189__1561	SHV_OKP_LEN_Bla.164__SHV_OKP_LEN_Bla__SHV_18__1293	SHV_OKP_LEN_Bla.164__SHV_OKP_LEN_Bla__SHV_190__1604	SHV_OKP_LEN_Bla.164__SHV_OKP_LEN_Bla__SHV_193__1689	SHV_OKP_LEN_Bla.164__SHV_OKP_LEN_Bla__SHV_1__1279	SHV_OKP_LEN_Bla.164__SHV_OKP_LEN_Bla__SHV_24__1294	SHV_OKP_LEN_Bla.164__SHV_OKP_LEN_Bla__SHV_25__1295	SHV_OKP_LEN_Bla.164__SHV_OKP_LEN_Bla__SHV_26__1296	SHV_OKP_LEN_Bla.164__SHV_OKP_LEN_Bla__SHV_29__1299	SHV_OKP_LEN_Bla.164__SHV_OKP_LEN_Bla__SHV_2__1280	SHV_OKP_LEN_Bla.164__SHV_OKP_LEN_Bla__SHV_2a__1282	SHV_OKP_LEN_Bla.164__SHV_OKP_LEN_Bla__SHV_30__1300	SHV_OKP_LEN_Bla.164__SHV_OKP_LEN_Bla__SHV_31__1301	SHV_OKP_LEN_Bla.164__SHV_OKP_LEN_Bla__SHV_33__1303	SHV_OKP_LEN_Bla.164__SHV_OKP_LEN_Bla__SHV_34__1304	SHV_OKP_LEN_Bla.164__SHV_OKP_LEN_Bla__SHV_35__1305	SHV_OKP_LEN_Bla.164__SHV_OKP_LEN_Bla__SHV_36__1306	SHV_OKP_LEN_Bla.164__SHV_OKP_LEN_Bla__SHV_37__1307	SHV_OKP_LEN_Bla.164__SHV_OKP_LEN_Bla__SHV_38__1308	SHV_OKP_LEN_Bla.164__SHV_OKP_LEN_Bla__SHV_40__1310	SHV_OKP_LEN_Bla.164__SHV_OKP_LEN_Bla__SHV_41__1311	SHV_OKP_LEN_Bla.164__SHV_OKP_LEN_Bla__SHV_42__1312	SHV_OKP_LEN_Bla.164__SHV_OKP_LEN_Bla__SHV_44__1314	SHV_OKP_LEN_Bla.164__SHV_OKP_LEN_Bla__SHV_46__1316	SHV_OKP_LEN_Bla.164__SHV_OKP_LEN_Bla__SHV_48__1317	SHV_OKP_LEN_Bla.164__SHV_OKP_LEN_Bla__SHV_49__1318	SHV_OKP_LEN_Bla.164__SHV_OKP_LEN_Bla__SHV_50__1319	SHV_OKP_LEN_Bla.164__SHV_OKP_LEN_Bla__SHV_52__1321	SHV_OKP_LEN_Bla.164__SHV_OKP_LEN_Bla__SHV_56__1324	SHV_OKP_LEN_Bla.164__SHV_OKP_LEN_Bla__SHV_57__1325	SHV_OKP_LEN_Bla.164__SHV_OKP_LEN_Bla__SHV_59__1326	SHV_OKP_LEN_Bla.164__SHV_OKP_LEN_Bla__SHV_5__1283	SHV_OKP_LEN_Bla.164__SHV_OKP_LEN_Bla__SHV_60__1327	SHV_OKP_LEN_Bla.164__SHV_OKP_LEN_Bla__SHV_61__1328	SHV_OKP_LEN_Bla.164__SHV_OKP_LEN_Bla__SHV_63__1330	SHV_OKP_LEN_Bla.164__SHV_OKP_LEN_Bla__SHV_64__1331	SHV_OKP_LEN_Bla.164__SHV_OKP_LEN_Bla__SHV_65__1332	SHV_OKP_LEN_Bla.164__SHV_OKP_LEN_Bla__SHV_66__1333	SHV_OKP_LEN_Bla.164__SHV_OKP_LEN_Bla__SHV_69__1335	SHV_OKP_LEN_Bla.164__SHV_OKP_LEN_Bla__SHV_70__1336	SHV_OKP_LEN_Bla.164__SHV_OKP_LEN_Bla__SHV_72__1338	SHV_OKP_LEN_Bla.164__SHV_OKP_LEN_Bla__SHV_73__1339	SHV_OKP_LEN_Bla.164__SHV_OKP_LEN_Bla__SHV_76__1342	SHV_OKP_LEN_Bla.164__SHV_OKP_LEN_Bla__SHV_78__1344	SHV_OKP_LEN_Bla.164__SHV_OKP_LEN_Bla__SHV_79__1345	SHV_OKP_LEN_Bla.164__SHV_OKP_LEN_Bla__SHV_7__1285	SHV_OKP_LEN_Bla.164__SHV_OKP_LEN_Bla__SHV_80__1346	SHV_OKP_LEN_Bla.164__SHV_OKP_LEN_Bla__SHV_82__1348	SHV_OKP_LEN_Bla.164__SHV_OKP_LEN_Bla__SHV_85__1351	SHV_OKP_LEN_Bla.164__SHV_OKP_LEN_Bla__SHV_86__1352	SHV_OKP_LEN_Bla.164__SHV_OKP_LEN_Bla__SHV_89__1353	SHV_OKP_LEN_Bla.164__SHV_OKP_LEN_Bla__SHV_8__1286	SHV_OKP_LEN_Bla.164__SHV_OKP_LEN_Bla__SHV_92__1354	SHV_OKP_LEN_Bla.164__SHV_OKP_LEN_Bla__SHV_94__1356	SHV_OKP_LEN_Bla.164__SHV_OKP_LEN_Bla__SHV_95__1357	SHV_OKP_LEN_Bla.164__SHV_OKP_LEN_Bla__SHV_96__1358	SHV_OKP_LEN_Bla.164__SHV_OKP_LEN_Bla__SHV_97__1359	SHV_OKP_LEN_Bla.164__SHV_OKP_LEN_Bla__SHV_98__1360
SHV_OKP_LEN_Bla_2	SHV_OKP_LEN_Bla.164__SHV_OKP_LEN_Bla__OKP_A_10__1252	SHV_OKP_LEN_Bla.164__SHV_OKP_LEN_Bla__OKP_A_11__1253	SHV_OKP_LEN_Bla.164__SHV_OKP_LEN_Bla__OKP_A_12__1254	SHV_OKP_LEN_Bla.164__SHV_OKP_LEN_Bla__OKP_A_13__1255	SHV_OKP_LEN_Bla.164__SHV_OKP_LEN_Bla__OKP_A_14__1256	SHV_OKP_LEN_Bla.164__SHV_OKP_LEN_Bla__OKP_A_15__1257	SHV_OKP_LEN_Bla.164__SHV_OKP_LEN_Bla__OKP_A_16__1258	SHV_OKP_LEN_Bla.164__SHV_OKP_LEN_Bla__OKP_A_1__1243	SHV_OKP_LEN_Bla.164__SHV_OKP_LEN_Bla__OKP_A_2__1244	SHV_OKP_LEN_Bla.164__SHV_OKP_LEN_Bla__OKP_A_3__1245	SHV_OKP_LEN_Bla.164__SHV_OKP_LEN_Bla__OKP_A_4__1246	SHV_OKP_LEN_Bla.164__SHV_OKP_LEN_Bla__OKP_A_5__1247	SHV_OKP_LEN_Bla.164__SHV_OKP_LEN_Bla__OKP_A_6__1248	SHV_OKP_LEN_Bla.164__SHV_OKP_LEN_Bla__OKP_A_7__1249	SHV_OKP_LEN_Bla.164__SHV_OKP_LEN_Bla__OKP_A_8__1250	SHV_OKP_LEN_Bla.164__SHV_OKP_LEN_Bla__OKP_A_9__1251	SHV_OKP_LEN_Bla.164__SHV_OKP_LEN_Bla__OKP_B_10__1268	SHV_OKP_LEN_Bla.164__SHV_OKP_LEN_Bla__OKP_B_11__1269	SHV_OKP_LEN_Bla.164__SHV_OKP_LEN_Bla__OKP_B_13__1271	SHV_OKP_LEN_Bla.164__SHV_OKP_LEN_Bla__OKP_B_14__1272	SHV_OKP_LEN_Bla.164__SHV_OKP_LEN_Bla__OKP_B_15__1273	SHV_OKP_LEN_Bla.164__SHV_OKP_LEN_Bla__OKP_B_16__1274	SHV_OKP_LEN_Bla.164__SHV_OKP_LEN_Bla__OKP_B_17__1275	SHV_OKP_LEN_Bla.164__SHV_OKP_LEN_Bla__OKP_B_18__1276	SHV_OKP_LEN_Bla.164__SHV_OKP_LEN_Bla__OKP_B_19__1277	SHV_OKP_LEN_Bla.164__SHV_OKP_LEN_Bla__OKP_B_1__1259	SHV_OKP_LEN_Bla.164__SHV_OKP_LEN_Bla__OKP_B_20__1278	SHV_OKP_LEN_Bla.164__SHV_OKP_LEN_Bla__OKP_B_2__1260	SHV_OKP_LEN_Bla.164__SHV_OKP_LEN_Bla__OKP_B_3__1261	SHV_OKP_LEN_Bla.164__SHV_OKP_LEN_Bla__OKP_B_4__1262	SHV_OKP_LEN_Bla.164__SHV_OKP_LEN_Bla__OKP_B_5__1263	SHV_OKP_LEN_Bla.164__SHV_OKP_LEN_Bla__OKP_B_6__1264	SHV_OKP_LEN_Bla.164__SHV_OKP_LEN_Bla__OKP_B_7__1265	SHV_OKP_LEN_Bla.164__SHV_OKP_LEN_Bla__OKP_B_8__1266	SHV_OKP_LEN_Bla.164__SHV_OKP_LEN_Bla__OKP_B_9__1267
SIM_1_Bla	SIM_1_Bla.321__SIM_1_Bla__SIM_1__843
SLB_Bla	SLB_Bla.505__SLB_Bla__SLB_1__1823
SMB_Bla	SMB_Bla.500__SMB_Bla__SMB_1__1818
SME_1_Bla	SME_1_Bla.182__SME_1_Bla__SME_1__785	SME_1_Bla.182__SME_1_Bla__SME_2__786	SME_1_Bla.182__SME_1_Bla__SME_3__787	SME_1_Bla.182__SME_1_Bla__SME_4__1699	SME_1_Bla.182__SME_1_Bla__SME_5__1700
SPM_1_Bla	SPM_1_Bla.230__SPM_1_Bla__SPM_1__519
SPU_Bla	SPU_Bla.489__SPU_Bla__SPU_1__1799
SRT_SST_Bla	SRT_SST_Bla.479__SRT_SST_Bla__SRT_1__1785	SRT_SST_Bla.479__SRT_SST_Bla__SST_1__1786
Sat3_AGly	Sat3_AGly.406__Sat3_AGly__Sat3__587
Sat4A_AGly	Sat4A_AGly.407__Sat4A_AGly__Sat4A__586
Sat_2A_AGly	Sat_2A_AGly.413__Sat_2A_AGly__Sat_2A__1088
Spc_AGly	Spc_AGly.291__Spc_AGly__Spc__73
SrmB_MLS	SrmB_MLS.22__SrmB_MLS__SrmB__581
StrA_AGly	StrA_AGly.263__StrA_AGly__StrA__1501
StrB_AGly	StrB_AGly.227__StrB_AGly__Aph_6__Id__1726	StrB_AGly.227__StrB_AGly__StrB__1614
Str_AGly	Str_AGly.212__Str_AGly__Str__1480
SulIII_Sul	SulIII_Sul.284__SulIII_Sul__SulIII__1498
SulII_Sul	SulII_Sul.256__SulII_Sul__SulII__1219
SulI_Sul	SulI_Sul.225__SulI_Sul__SulI__1616
TEM_1D_Bla	TEM_1D_Bla.205__TEM_1D_Bla__TEM_101__953	TEM_1D_Bla.205__TEM_1D_Bla__TEM_104__955	TEM_1D_Bla.205__TEM_1D_Bla__TEM_105__956	TEM_1D_Bla.205__TEM_1D_Bla__TEM_106__957	TEM_1D_Bla.205__TEM_1D_Bla__TEM_107__958	TEM_1D_Bla.205__TEM_1D_Bla__TEM_108__959	TEM_1D_Bla.205__TEM_1D_Bla__TEM_109__960	TEM_1D_Bla.205__TEM_1D_Bla__TEM_111__962	TEM_1D_Bla.205__TEM_1D_Bla__TEM_112__963	TEM_1D_Bla.205__TEM_1D_Bla__TEM_113__964	TEM_1D_Bla.205__TEM_1D_Bla__TEM_114__965	TEM_1D_Bla.205__TEM_1D_Bla__TEM_115__966	TEM_1D_Bla.205__TEM_1D_Bla__TEM_116__967	TEM_1D_Bla.205__TEM_1D_Bla__TEM_11__895	TEM_1D_Bla.205__TEM_1D_Bla__TEM_120__970	TEM_1D_Bla.205__TEM_1D_Bla__TEM_121__971	TEM_1D_Bla.205__TEM_1D_Bla__TEM_122__972	TEM_1D_Bla.205__TEM_1D_Bla__TEM_123__973	TEM_1D_Bla.205__TEM_1D_Bla__TEM_124__974	TEM_1D_Bla.205__TEM_1D_Bla__TEM_125__975	TEM_1D_Bla.205__TEM_1D_Bla__TEM_126__976	TEM_1D_Bla.205__TEM_1D_Bla__TEM_127__977	TEM_1D_Bla.205__TEM_1D_Bla__TEM_128__978	TEM_1D_Bla.205__TEM_1D_Bla__TEM_129__979	TEM_1D_Bla.205__TEM_1D_Bla__TEM_12__896	TEM_1D_Bla.205__TEM_1D_Bla__TEM_130__980	TEM_1D_Bla.205__TEM_1D_Bla__TEM_131__981	TEM_1D_Bla.205__TEM_1D_Bla__TEM_132__982	TEM_1D_Bla.205__TEM_1D_Bla__TEM_133__983	TEM_1D_Bla.205__TEM_1D_Bla__TEM_134__984	TEM_1D_Bla.205__TEM_1D_Bla__TEM_135__985	TEM_1D_Bla.205__TEM_1D_Bla__TEM_136__986	TEM_1D_Bla.205__TEM_1D_Bla__TEM_137__987	TEM_1D_Bla.205__TEM_1D_Bla__TEM_138__988	TEM_1D_Bla.205__TEM_1D_Bla__TEM_139__989	TEM_1D_Bla.205__TEM_1D_Bla__TEM_141__990	TEM_1D_Bla.205__TEM_1D_Bla__TEM_142__991	TEM_1D_Bla.205__TEM_1D_Bla__TEM_143__992	TEM_1D_Bla.205__TEM_1D_Bla__TEM_144__993	TEM_1D_Bla.205__TEM_1D_Bla__TEM_145__994	TEM_1D_Bla.205__TEM_1D_Bla__TEM_146__995	TEM_1D_Bla.205__TEM_1D_Bla__TEM_147__996	TEM_1D_Bla.205__TEM_1D_Bla__TEM_148__997	TEM_1D_Bla.205__TEM_1D_Bla__TEM_149__998	TEM_1D_Bla.205__TEM_1D_Bla__TEM_150__999	TEM_1D_Bla.205__TEM_1D_Bla__TEM_151__1000	TEM_1D_Bla.205__TEM_1D_Bla__TEM_152__1001	TEM_1D_Bla.205__TEM_1D_Bla__TEM_153__1002	TEM_1D_Bla.205__TEM_1D_Bla__TEM_154__1003	TEM_1D_Bla.205__TEM_1D_Bla__TEM_155__1004	TEM_1D_Bla.205__TEM_1D_Bla__TEM_156__1005	TEM_1D_Bla.205__TEM_1D_Bla__TEM_157__1006	TEM_1D_Bla.205__TEM_1D_Bla__TEM_158__1007	TEM_1D_Bla.205__TEM_1D_Bla__TEM_159__1008	TEM_1D_Bla.205__TEM_1D_Bla__TEM_15__897	TEM_1D_Bla.205__TEM_1D_Bla__TEM_160__1009	TEM_1D_Bla.205__TEM_1D_Bla__TEM_162__1010	TEM_1D_Bla.205__TEM_1D_Bla__TEM_163__1011	TEM_1D_Bla.205__TEM_1D_Bla__TEM_164__1012	TEM_1D_Bla.205__TEM_1D_Bla__TEM_166__1013	TEM_1D_Bla.205__TEM_1D_Bla__TEM_167__1014	TEM_1D_Bla.205__TEM_1D_Bla__TEM_168__1015	TEM_1D_Bla.205__TEM_1D_Bla__TEM_16__898	TEM_1D_Bla.205__TEM_1D_Bla__TEM_171__1017	TEM_1D_Bla.205__TEM_1D_Bla__TEM_176__1018	TEM_1D_Bla.205__TEM_1D_Bla__TEM_177__1019	TEM_1D_Bla.205__TEM_1D_Bla__TEM_178__1020	TEM_1D_Bla.205__TEM_1D_Bla__TEM_17__899	TEM_1D_Bla.205__TEM_1D_Bla__TEM_182__1021	TEM_1D_Bla.205__TEM_1D_Bla__TEM_183__1022	TEM_1D_Bla.205__TEM_1D_Bla__TEM_185__1023	TEM_1D_Bla.205__TEM_1D_Bla__TEM_186__1024	TEM_1D_Bla.205__TEM_1D_Bla__TEM_187__1025	TEM_1D_Bla.205__TEM_1D_Bla__TEM_188__1026	TEM_1D_Bla.205__TEM_1D_Bla__TEM_189__1027	TEM_1D_Bla.205__TEM_1D_Bla__TEM_190__1028	TEM_1D_Bla.205__TEM_1D_Bla__TEM_193__1031	TEM_1D_Bla.205__TEM_1D_Bla__TEM_194__1032	TEM_1D_Bla.205__TEM_1D_Bla__TEM_195__1033	TEM_1D_Bla.205__TEM_1D_Bla__TEM_197__1034	TEM_1D_Bla.205__TEM_1D_Bla__TEM_198__1035	TEM_1D_Bla.205__TEM_1D_Bla__TEM_1D__887	TEM_1D_Bla.205__TEM_1D_Bla__TEM_1__888	TEM_1D_Bla.205__TEM_1D_Bla__TEM_201__1037	TEM_1D_Bla.205__TEM_1D_Bla__TEM_206__1712	TEM_1D_Bla.205__TEM_1D_Bla__TEM_207__1713	TEM_1D_Bla.205__TEM_1D_Bla__TEM_208__1714	TEM_1D_Bla.205__TEM_1D_Bla__TEM_209__1715	TEM_1D_Bla.205__TEM_1D_Bla__TEM_20__900	TEM_1D_Bla.205__TEM_1D_Bla__TEM_211__1716	TEM_1D_Bla.205__TEM_1D_Bla__TEM_214__1718	TEM_1D_Bla.205__TEM_1D_Bla__TEM_215__1719	TEM_1D_Bla.205__TEM_1D_Bla__TEM_216__1720	TEM_1D_Bla.205__TEM_1D_Bla__TEM_217__1721	TEM_1D_Bla.205__TEM_1D_Bla__TEM_219__1722	TEM_1D_Bla.205__TEM_1D_Bla__TEM_21__901	TEM_1D_Bla.205__TEM_1D_Bla__TEM_220__1723	TEM_1D_Bla.205__TEM_1D_Bla__TEM_24__903	TEM_1D_Bla.205__TEM_1D_Bla__TEM_28__905	TEM_1D_Bla.205__TEM_1D_Bla__TEM_29__906	TEM_1D_Bla.205__TEM_1D_Bla__TEM_2__889	TEM_1D_Bla.205__TEM_1D_Bla__TEM_30__907	TEM_1D_Bla.205__TEM_1D_Bla__TEM_33__908	TEM_1D_Bla.205__TEM_1D_Bla__TEM_34__909	TEM_1D_Bla.205__TEM_1D_Bla__TEM_3__890	TEM_1D_Bla.205__TEM_1D_Bla__TEM_43__911	TEM_1D_Bla.205__TEM_1D_Bla__TEM_47__912	TEM_1D_Bla.205__TEM_1D_Bla__TEM_48__913	TEM_1D_Bla.205__TEM_1D_Bla__TEM_49__914	TEM_1D_Bla.205__TEM_1D_Bla__TEM_52__915	TEM_1D_Bla.205__TEM_1D_Bla__TEM_53__916	TEM_1D_Bla.205__TEM_1D_Bla__TEM_54__917	TEM_1D_Bla.205__TEM_1D_Bla__TEM_55__918	TEM_1D_Bla.205__TEM_1D_Bla__TEM_57__919	TEM_1D_Bla.205__TEM_1D_Bla__TEM_60__921	TEM_1D_Bla.205__TEM_1D_Bla__TEM_63__922	TEM_1D_Bla.205__TEM_1D_Bla__TEM_67__923	TEM_1D_Bla.205__TEM_1D_Bla__TEM_68__924	TEM_1D_Bla.205__TEM_1D_Bla__TEM_6__891	TEM_1D_Bla.205__TEM_1D_Bla__TEM_70__925	TEM_1D_Bla.205__TEM_1D_Bla__TEM_71__926	TEM_1D_Bla.205__TEM_1D_Bla__TEM_72__927	TEM_1D_Bla.205__TEM_1D_Bla__TEM_76__929	TEM_1D_Bla.205__TEM_1D_Bla__TEM_77__930	TEM_1D_Bla.205__TEM_1D_Bla__TEM_78__931	TEM_1D_Bla.205__TEM_1D_Bla__TEM_79__932	TEM_1D_Bla.205__TEM_1D_Bla__TEM_80__933	TEM_1D_Bla.205__TEM_1D_Bla__TEM_81__934	TEM_1D_Bla.205__TEM_1D_Bla__TEM_82__935	TEM_1D_Bla.205__TEM_1D_Bla__TEM_83__936	TEM_1D_Bla.205__TEM_1D_Bla__TEM_84__937	TEM_1D_Bla.205__TEM_1D_Bla__TEM_85__938	TEM_1D_Bla.205__TEM_1D_Bla__TEM_86__939	TEM_1D_Bla.205__TEM_1D_Bla__TEM_87__940	TEM_1D_Bla.205__TEM_1D_Bla__TEM_88__941	TEM_1D_Bla.205__TEM_1D_Bla__TEM_8__893	TEM_1D_Bla.205__TEM_1D_Bla__TEM_90__943	TEM_1D_Bla.205__TEM_1D_Bla__TEM_91__944	TEM_1D_Bla.205__TEM_1D_Bla__TEM_92__945	TEM_1D_Bla.205__TEM_1D_Bla__TEM_93__946	TEM_1D_Bla.205__TEM_1D_Bla__TEM_94__947	TEM_1D_Bla.205__TEM_1D_Bla__TEM_95__948	TEM_1D_Bla.205__TEM_1D_Bla__TEM_96__949	TEM_1D_Bla.205__TEM_1D_Bla__TEM_97__950	TEM_1D_Bla.205__TEM_1D_Bla__TEM_98__951	TEM_1D_Bla.205__TEM_1D_Bla__TEM_99__1724
THIN_Bla	THIN_Bla.481__THIN_Bla__THIN_B__1788
TLA_1_Bla	TLA_1_Bla.156__TLA_1_Bla__TLA_1__1641
TRU_1_Bla	TRU_1_Bla.93__TRU_1_Bla__TRU_1__369
TUS_1_Bla	TUS_1_Bla.316__TUS_1_Bla__TUS_1__1141
Tcr_3_Tet	Tcr_3_Tet.31__Tcr_3_Tet__Tcr_3__301
TetA_P_Tet	TetA_P_Tet.53__TetA_P_Tet__TetA_P__1544
TetA_Tet	TetA_Tet.52__TetA_Tet__TetA__1545
TetB_P_Tet	TetB_P_Tet.7__TetB_P_Tet__TetB_P__640
TetB_Tet	TetB_Tet.67__TetB_Tet__TetB__1213
TetC_Tet	TetC_Tet.70__TetC_Tet__TetC__1051
TetD_Tet	TetD_Tet.74__TetD_Tet__TetD__1047
TetE_Tet	TetE_Tet.65__TetE_Tet__TetE__1211
TetG_Tet	TetG_Tet.80__TetG_Tet__TetG__632
TetH_Tet	TetH_Tet.30__TetH_Tet__TetH__302
TetJ_Tet	TetJ_Tet.68__TetJ_Tet__TetJ__1057
TetK_Tet	TetK_Tet.44__TetK_Tet__TetK__1673
TetL_Tet	TetL_Tet.45__TetL_Tet__TetL__1674
TetM_Tet	TetM_Tet.13__TetM_Tet__TetM__831
TetO_Tet	TetO_Tet.14__TetO_Tet__TetO__834
TetQ_Tet	TetQ_Tet.6__TetQ_Tet__TetQ__345
TetS_Tet	TetS_Tet.9__TetS_Tet__TetS__1454
TetT_Tet	TetT_Tet.8__TetT_Tet__TetT__1056
TetU_Tet	TetU_Tet.463__TetU_Tet__TetU__1239
TetV_Tet	TetV_Tet.56__TetV_Tet__TetV__1541
TetW_Tet	TetW_Tet.15__TetW_Tet__TetW__833
TetX_Tet	TetX_Tet.85__TetX_Tet__TetX__639
TetY_Tet	TetY_Tet.81__TetY_Tet__TetY__633
TetZ_Tet	TetZ_Tet.90__TetZ_Tet__TetZ__368
Tet_30_Tet	Tet_30_Tet.73__Tet_30_Tet__Tet_30__1048
Tet_31_Tet	Tet_31_Tet.59__Tet_31_Tet__Tet_31__1535
Tet_32_Tet	Tet_32_Tet.12__Tet_32_Tet__Tet_32__832
Tet_33_Tet	Tet_33_Tet.61__Tet_33_Tet__Tet_33__1204
Tet_34_Tet	Tet_34_Tet.438__Tet_34_Tet__Tet_34__307
Tet_35_Tet	Tet_35_Tet.102__Tet_35_Tet__Tet_35__288
Tet_36_Tet	Tet_36_Tet.10__Tet_36_Tet__Tet_36__830
Tet_37_Tet	Tet_37_Tet.462__Tet_37_Tet__Tet_37__1240
Tet_38_Tet	Tet_38_Tet.46__Tet_38_Tet__Tet_38__1671
Tet_39_Tet	Tet_39_Tet.72__Tet_39_Tet__Tet_39__1049
Tet_40_Tet	Tet_40_Tet.63__Tet_40_Tet__Tet_40__1546
Tet_41_Tet	Tet_41_Tet.75__Tet_41_Tet__Tet_41__1046
Tet_42_Tet	Tet_42_Tet.50__Tet_42_Tet__Tet_42__1543
Tet_43_Tet	Tet_43_Tet.29__Tet_43_Tet__Tet_43__585
Tet_44_Tet	Tet_44_Tet.11__Tet_44_Tet__Tet_44__829
TlrC2_MLS	TlrC2_MLS.25__TlrC2_MLS__TlrC__576
TlrC_MLS	TlrC_MLS.23__TlrC_MLS__TlrC__582
Tmb_Bla	Tmb_Bla.506__Tmb_Bla__Tmb_1__1824	Tmb_Bla.506__Tmb_Bla__Tmb_2__1825
VCC_Bla	VCC_Bla.498__VCC_Bla__VCC_1__1816
VEB_1_Bla	VEB_1_Bla.165__VEB_1_Bla__VEB_11__1696	VEB_1_Bla.165__VEB_1_Bla__VEB_12__1697	VEB_1_Bla.165__VEB_1_Bla__VEB_1__1435	VEB_1_Bla.165__VEB_1_Bla__VEB_1a__1694	VEB_1_Bla.165__VEB_1_Bla__VEB_1b__1695	VEB_1_Bla.165__VEB_1_Bla__VEB_2__1436	VEB_1_Bla.165__VEB_1_Bla__VEB_3__1437	VEB_1_Bla.165__VEB_1_Bla__VEB_4__1438	VEB_1_Bla.165__VEB_1_Bla__VEB_5__1439	VEB_1_Bla.165__VEB_1_Bla__VEB_6__1440	VEB_1_Bla.165__VEB_1_Bla__VEB_7__1441	VEB_1_Bla.165__VEB_1_Bla__VEB_8__1442
VHW_Bla	VHW_Bla.493__VHW_Bla__VHH_1__1810	VHW_Bla.493__VHW_Bla__VHW_1__1809
VIM_1_Bla	VIM_1_Bla.272__VIM_1_Bla__VIM_10__229	VIM_1_Bla.272__VIM_1_Bla__VIM_11__230	VIM_1_Bla.272__VIM_1_Bla__VIM_12__231	VIM_1_Bla.272__VIM_1_Bla__VIM_14__233	VIM_1_Bla.272__VIM_1_Bla__VIM_15__234	VIM_1_Bla.272__VIM_1_Bla__VIM_16__235	VIM_1_Bla.272__VIM_1_Bla__VIM_17__236	VIM_1_Bla.272__VIM_1_Bla__VIM_18__237	VIM_1_Bla.272__VIM_1_Bla__VIM_19__238	VIM_1_Bla.272__VIM_1_Bla__VIM_1__221	VIM_1_Bla.272__VIM_1_Bla__VIM_20__239	VIM_1_Bla.272__VIM_1_Bla__VIM_23__240	VIM_1_Bla.272__VIM_1_Bla__VIM_24__241	VIM_1_Bla.272__VIM_1_Bla__VIM_25__242	VIM_1_Bla.272__VIM_1_Bla__VIM_26__243	VIM_1_Bla.272__VIM_1_Bla__VIM_27__244	VIM_1_Bla.272__VIM_1_Bla__VIM_28__245	VIM_1_Bla.272__VIM_1_Bla__VIM_29__246	VIM_1_Bla.272__VIM_1_Bla__VIM_2__222	VIM_1_Bla.272__VIM_1_Bla__VIM_30__247	VIM_1_Bla.272__VIM_1_Bla__VIM_31__248	VIM_1_Bla.272__VIM_1_Bla__VIM_32__249	VIM_1_Bla.272__VIM_1_Bla__VIM_33__250	VIM_1_Bla.272__VIM_1_Bla__VIM_34__251	VIM_1_Bla.272__VIM_1_Bla__VIM_35__252	VIM_1_Bla.272__VIM_1_Bla__VIM_36__253	VIM_1_Bla.272__VIM_1_Bla__VIM_37__254	VIM_1_Bla.272__VIM_1_Bla__VIM_38__255	VIM_1_Bla.272__VIM_1_Bla__VIM_39__1737	VIM_1_Bla.272__VIM_1_Bla__VIM_3__223	VIM_1_Bla.272__VIM_1_Bla__VIM_42__1738	VIM_1_Bla.272__VIM_1_Bla__VIM_43__1739	VIM_1_Bla.272__VIM_1_Bla__VIM_44__1740	VIM_1_Bla.272__VIM_1_Bla__VIM_45__1741	VIM_1_Bla.272__VIM_1_Bla__VIM_46__1742	VIM_1_Bla.272__VIM_1_Bla__VIM_4__224	VIM_1_Bla.272__VIM_1_Bla__VIM_5__225	VIM_1_Bla.272__VIM_1_Bla__VIM_6__226	VIM_1_Bla.272__VIM_1_Bla__VIM_8__227	VIM_1_Bla.272__VIM_1_Bla__VIM_9__228
VIM_1_Bla_1	VIM_1_Bla.272__VIM_1_Bla__VIM_13__232
VIM_7_Bla	VIM_7_Bla.276__VIM_7_Bla__VIM_7__267
VanAE_Pp_Gly	VanAE_Pp_Gly.119__VanAE_Pp_Gly__VanAE_Pp__1567
VanA_Ao2_Gly	VanA_Ao2_Gly.115__VanA_Ao2_Gly__VanA_Ao2__1547
VanA_D_Gly	VanA_D_Gly.118__VanA_D_Gly__VanA_D__1568
VanA_G_Gly	VanA_G_Gly.447__VanA_G_Gly__VanA_G__280
VanA_Gly	VanA_Gly.117__VanA_Gly__VanA_A__1550	VanA_Gly.117__VanA_Gly__VanHA_Bc__1552
VanA_Gly_1	VanA_Gly.117__VanA_Gly__VanA_M__1551
VanB_Gly	VanB_Gly.120__VanB_Gly__VanA_B__1059	VanB_Gly.120__VanB_Gly__VanB__1058	VanB_Gly.120__VanB_Gly__VanB__1060
VanC1_Gly	VanC1_Gly.116__VanC1_Gly__VanC1__1554	VanC1_Gly.116__VanC1_Gly__VanC__1553
VanC2_4_Gly	VanC2_4_Gly.112__VanC2_4_Gly__VanC2_3__1564	VanC2_4_Gly.112__VanC2_4_Gly__VanC2__1565	VanC2_4_Gly.112__VanC2_4_Gly__VanC3__1566	VanC2_4_Gly.112__VanC2_4_Gly__VanC4__1563
VanE_Gly	VanE_Gly.109__VanE_Gly__VanE__287
VanH_B_Gly	VanH_B_Gly.133__VanH_B_Gly__VanH_B__552
VanH_D_Gly	VanH_D_Gly.134__VanH_D_Gly__VanH_D__572
VanH_Gly	VanH_Gly.110__VanH_Gly__VanH__1556
VanH_Gly_1	VanH_Gly.110__VanH_Gly__VanH_Ao1__1559	VanH_Gly.110__VanH_Gly__VanH_Ao2__1560
VanH_M_Gly	VanH_M_Gly.131__VanH_M_Gly__VanH_M__554
VanH_M_Gly_1	VanH_M_Gly.131__VanH_M_Gly__VanH_E__555
VanH_Pt_Gly	VanH_Pt_Gly.135__VanH_Pt_Gly__VanH_A__571	VanH_Pt_Gly.135__VanH_Pt_Gly__VanH_Pt2__570	VanH_Pt_Gly.135__VanH_Pt_Gly__VanH_Pt__569
VanL_Gly	VanL_Gly.113__VanL_Gly__VanA_L__1562
VanR_A_Gly	VanR_A_Gly.341__VanR_A_Gly__VanR_A__54	VanR_A_Gly.341__VanR_A_Gly__VanR_Pt2__56	VanR_A_Gly.341__VanR_A_Gly__VanR_Pt__55
VanR_B_Gly	VanR_B_Gly.350__VanR_B_Gly__VanR_B__1472
VanR_C_Gly	VanR_C_Gly.342__VanR_C_Gly__VanR_C__57
VanR_D_Gly	VanR_D_Gly.336__VanR_D_Gly__VanR_D__330
VanR_F_Gly	VanR_F_Gly.338__VanR_F_Gly__VanR_F__326
VanR_L_Gly	VanR_L_Gly.339__VanR_L_Gly__VanR_L__325
VanR_M_Gly	VanR_M_Gly.335__VanR_M_Gly__VanR_M__327
VanRc_Gly	VanRc_Gly.340__VanRc_Gly__VanRc3__52	VanRc_Gly.340__VanRc_Gly__VanRc4__53
VanS_A_Gly	VanS_A_Gly.87__VanS_A_Gly__VanS_A__635	VanS_A_Gly.87__VanS_A_Gly__VanS_Pt2__636	VanS_A_Gly.87__VanS_A_Gly__VanS_Pt__637
VanS_C_Gly	VanS_C_Gly.106__VanS_C_Gly__VanS_C__292
VanS_D_Gly	VanS_D_Gly.97__VanS_D_Gly__VanS_D__463
VanS_F_Gly	VanS_F_Gly.104__VanS_F_Gly__VanS_F__294
VanS_L_Gly	VanS_L_Gly.105__VanS_L_Gly__VanS_L__295
VanS_M_Gly	VanS_M_Gly.100__VanS_M_Gly__VanS_M__290
VanSc_Gly	VanSc_Gly.108__VanSc_Gly__VanSc4__286
VanSc_Gly_1	VanSc_Gly.108__VanSc_Gly__VanSc3__285
VanT_Gly	VanT_Gly.2__VanT_Gly__VanT__1054	VanT_Gly.2__VanT_Gly__VanTc__1055
VanTc_Gly	VanTc_Gly.1__VanTc_Gly__VanTc3__534	VanTc_Gly.1__VanTc_Gly__VanTc4__535
VanTm_L_Gly	VanTm_L_Gly.129__VanTm_L_Gly__VanTm_L__1076
VanTr_L_Gly	VanTr_L_Gly.103__VanTr_L_Gly__VanTr_L__289
VanW_B_Gly	VanW_B_Gly.239__VanW_B_Gly__VanW_B__487
VanXY_L_Gly	VanXY_L_Gly.386__VanXY_L_Gly__VanXY_L__1196
VanXYc_Gly	VanXYc_Gly.387__VanXYc_Gly__VanXYc2_2__1197	VanXYc_Gly.387__VanXYc_Gly__VanXYc3__1198	VanXYc_Gly.387__VanXYc_Gly__VanXYc4__1199
VanX_-	VanX_Gly.345__VanX_Gly__VanX_Pt__343	VanX_M_Gly.380__VanX_M_Gly__VanX_A__1189	VanX_M_Gly.380__VanX_M_Gly__VanX_Pt2__1190
VanX_Ac1_Gly	VanX_Ac1_Gly.378__VanX_Ac1_Gly__VanX_Ac1__597
VanX_Ac1_Gly_1	VanX_Ac1_Gly.378__VanX_Ac1_Gly__VanX_Ao1__599	VanX_Ac1_Gly.378__VanX_Ac1_Gly__VanX_Ao2__600
VanX_B_Gly	VanX_B_Gly.381__VanX_B_Gly__VanX_B__1191
VanX_D_Gly	VanX_D_Gly.382__VanX_D_Gly__VanX_D__1192
VanX_Gly	VanX_Gly.345__VanX_Gly__VanXE_Pp__344
VanX_M_Gly	VanX_M_Gly.380__VanX_M_Gly__VanX_M__1188
VanX_Sc_Gly	VanX_Sc_Gly.383__VanX_Sc_Gly__VanX_Sc__1193
VanX_Yc_Gly	VanX_Yc_Gly.388__VanX_Yc_Gly__VanX_Yc__1200
VanYF_Pp_Gly	VanYF_Pp_Gly.186__VanYF_Pp_Gly__VanYF_Pp__791
VanY_A_Gly	VanY_A_Gly.152__VanY_A_Gly__VanY_A__1634
VanY_A_Gly_1	VanY_A_Gly.152__VanY_A_Gly__VanY_Pt2__1635	VanY_A_Gly.152__VanY_A_Gly__VanY_Pt__1636
VanY_B_Gly	VanY_B_Gly.262__VanY_B_Gly__VanY_B__1502
VanY_D_Gly	VanY_D_Gly.107__VanY_D_Gly__VanY_D__293
VanY_M_Gly	VanY_M_Gly.334__VanY_M_Gly__VanY_M__328
VanZF_Pp_Gly	VanZF_Pp_Gly.377__VanZF_Pp_Gly__VanZF_Pp__609
VanZ_A_Gly	VanZ_A_Gly.422__VanZ_A_Gly__VanZ_A__1574
VanZ_Pa2_Gly	VanZ_Pa2_Gly.425__VanZ_Pa2_Gly__VanZ_Pa__1575
VanZ_Pa_Gly	VanZ_Pa_Gly.255__VanZ_Pa_Gly__VanZ_Pa__1229
VatA_MLS	VatA_MLS.351__VatA_MLS__VatA__1471
VatB_MLS	VatB_MLS.365__VatB_MLS__VatB__1180
VatC_MLS	VatC_MLS.366__VatC_MLS__VatC__1177
VatD_MLS	VatD_MLS.374__VatD_MLS__VatD__608
VatE_MLS	VatE_MLS.362__VatE_MLS__VatE__1181
VatF_MLS	VatF_MLS.347__VatF_MLS__VatF__51
VgaA_MLS	VgaA_MLS.28__VgaA_MLS__VgaA__583	VgaA_MLS.28__VgaA_MLS__Vgaa_LC__584
VgaB_MLS	VgaB_MLS.20__VgaB_MLS__VgaB__579
VgaD_MLS	VgaD_MLS.26__VgaD_MLS__VgaD__577
VgaE_MLS	VgaE_MLS.27__VgaE_MLS__VgaE__578
VgbA_MLS	VgbA_MLS.168__VgbA_MLS__VgbA__1241
VgbB_MLS	VgbB_MLS.179__VgbB_MLS__VgbB__766
Zn_dependent_hydrolase_Bla	Zn_dependent_hydrolase_Bla.138__Zn_dependent_hydrolase_Bla__Zn_dependent_hydrolase__574
